{"sections":{"main-cart":{"type":"main-cart","blocks":{"free_shipping_goal_W8bXKE":{"type":"free_shipping_goal","settings":{}},"cart_coupon_xMfPgm":{"type":"cart_coupon","settings":{}},"subtotal_LeUiVY":{"type":"subtotal","settings":{}},"buttons_drwbch":{"type":"buttons","settings":{}}},"block_order":["free_shipping_goal_W8bXKE","cart_coupon_xMfPgm","subtotal_LeUiVY","buttons_drwbch"],"settings":{"container":"fixed","padding_top":40,"padding_bottom":0}},"recently_viewed_products_w4PGc3":{"type":"recently-viewed-products","settings":{"container":"fixed","color_scheme":"","section_header_alignment":"left","section_header_alignment_mobile":"inherit","subheading":"","heading":"<strong>Vous avez consultés:<\/strong>","highlight_style":"none","highlight_font_style":"italic","highlight_style_color":"","highlight_text_color":"","heading_size":"h2","description":"","limit":8,"columns":5,"column_gap":"medium","row_gap":"inherit","enable_slider":true,"navigation_position":"bottom","pcard_image_ratio":"","columns_mobile":"2","swipe_on_mobile":true,"padding_top":50,"padding_bottom":80,"show_section_divider":false,"divider_width":"full"}}},"order":["main-cart","recently_viewed_products_w4PGc3"]}