{
  "sections": {
    "breadcrumbs_Gxg9wp": {
      "type": "breadcrumbs",
      "settings": {
        "text_alignment": "start"
      }
    },
    "banner": {
      "type": "main-collection-banner",
      "blocks": {
        "collection_info_zUNyKV": {
          "type": "collection_info",
          "settings": {
            "heading_size": "h1",
            "heading_tag": "h1",
            "show_description": true,
            "padding_top": 0,
            "padding_bottom": 0
          }
        }
      },
      "block_order": [
        "collection_info_zUNyKV"
      ],
      "custom_css": [],
      "settings": {
        "color_scheme": "scheme-1",
        "text_alignment": "left",
        "show_collection_image": false,
        "image_overlay_opacity": 0,
        "image_position": "top",
        "image_height": "extra-small",
        "enable_parallax": false,
        "parallax_direction": "vertical",
        "image_height_mobile": "auto",
        "padding_top": 0,
        "padding_bottom": 40
      }
    },
    "product-grid": {
      "type": "main-collection-product-grid",
      "blocks": {
        "image_card_mwkyJy": {
          "type": "image_card",
          "settings": {
            "color_scheme": "scheme-inverse",
            "image_position": 1,
            "image_ratio": "adapt",
            "image_overlay_opacity": 10,
            "content_position": "split-bottom-button",
            "content_alignment": "center",
            "content_spacing": "small",
            "subheading": "Home & Decor",
            "heading": "Saving $30 for Lighting",
            "highlight_style": "none",
            "highlight_font_style": "italic",
            "highlight_style_color": "",
            "highlight_text_color": "",
            "heading_size": "h3",
            "description": "",
            "text_size": "text-base",
            "button_label": "Shop Now",
            "button_style": "btn--primary",
            "button_icon": "none",
            "order_first": false,
            "enable_preload_image": false
          }
        }
      },
      "block_order": [
        "image_card_mwkyJy"
      ],
      "custom_css": [],
      "settings": {
        "color_scheme": "scheme-1",
        "products_per_page": 20,
        "columns_desktop": 4,
        "pagination": "number",
        "enable_filtering": true,
        "enable_color_swatch": true,
        "filter_type": "vertical",
        "expand_filter_groups": "Availability, Price, Color, Size, Category",
        "enable_sorting": true,
        "enable_layout_switching": true,
        "columns_mobile": "2",
        "padding_top": 28,
        "padding_bottom": 60,
        "show_section_divider": true,
        "divider_width": "fixed"
      }
    },
    "rich_text_dgPtDV": {
      "type": "rich-text",
      "blocks": {
        "heading_kVf6qj": {
          "type": "heading",
          "settings": {
            "heading": "About Garage",
            "highlight_style": "none",
            "highlight_font_style": "italic",
            "highlight_style_color": "",
            "highlight_text_color": "",
            "heading_size": "h3"
          }
        },
        "text_xtLQE8": {
          "type": "text",
          "settings": {
            "text": "<p>From classic wood and metal to contemporary acrylic and glass, each material brings unique advantages to furniture design. Wood offers timeless strength and natural warmth, while metal adds resilience and industrial charm. Acrylic and glass, on the other hand, bring a modern touch, providing sleek, versatile options for contemporary spaces. The choice of material is not just about appearance; it defines durability and functionality, ensuring each piece serves its purpose beautifully.</p><p>When selecting furniture, it’s important to think beyond aesthetics. The right pieces create a cohesive atmosphere that balances beauty, practicality, and longevity. Minimalist designs, with their clean lines and simplicity, appeal to those who value modern elegance. However, traditional styles like Victorian, Art Deco, or Mid-Century Modern captivate with their intricate details and timeless craftsmanship, offering a sense of history and character that enriches any space.</p><p>This guide explores a variety of furniture styles and materials, helping you discover what aligns with your preferences and needs. Whether you lean toward contemporary sophistication or classic charm, choosing the right furniture ensures your space reflects your unique personality while meeting functional requirements. With the right selections, you can create a harmonious and inviting home.</p>",
            "text_size": "text-base",
            "text_line_limit": "5-lines"
          }
        }
      },
      "block_order": [
        "heading_kVf6qj",
        "text_xtLQE8"
      ],
      "custom_css": [],
      "settings": {
        "color_scheme": "scheme-10",
        "use_color_scheme_in_container": true,
        "content_spacing": "standard",
        "content_alignment": "left",
        "padding_top": 0,
        "padding_bottom": 60,
        "show_section_divider": false,
        "divider_width": "fixed"
      }
    },
    "buttons_with_icon_7zH9F3": {
      "type": "buttons-with-icon",
      "blocks": {
        "button_item_VQE7f9": {
          "type": "button_item",
          "settings": {
            "button_label": "Living Room",
            "icon": "check"
          }
        },
        "button_item_A8ctbq": {
          "type": "button_item",
          "settings": {
            "button_label": "Planters",
            "icon": "check"
          }
        },
        "button_item_gp6wzj": {
          "type": "button_item",
          "settings": {
            "button_label": "Gravel Rug",
            "icon": "check"
          }
        },
        "button_item_KjqtJi": {
          "type": "button_item",
          "settings": {
            "button_label": "Table Mirror",
            "icon": "check"
          }
        },
        "button_item_Q3cegW": {
          "type": "button_item",
          "settings": {
            "button_label": "Table Wears",
            "icon": "check"
          }
        },
        "button_item_pqRX7H": {
          "type": "button_item",
          "settings": {
            "button_label": "Dining Decor",
            "icon": "check"
          }
        },
        "button_item_en8WtA": {
          "type": "button_item",
          "settings": {
            "button_label": "Ray Table Lamp",
            "icon": "check"
          }
        },
        "button_item_JnFWN8": {
          "type": "button_item",
          "settings": {
            "button_label": "Chairs",
            "icon": "check"
          }
        },
        "button_item_FrFqff": {
          "type": "button_item",
          "settings": {
            "button_label": "Living Room",
            "icon": "check"
          }
        },
        "button_item_mKVJW4": {
          "type": "button_item",
          "settings": {
            "button_label": "Planters",
            "icon": "check"
          }
        }
      },
      "block_order": [
        "button_item_VQE7f9",
        "button_item_A8ctbq",
        "button_item_gp6wzj",
        "button_item_KjqtJi",
        "button_item_Q3cegW",
        "button_item_pqRX7H",
        "button_item_en8WtA",
        "button_item_JnFWN8",
        "button_item_FrFqff",
        "button_item_mKVJW4"
      ],
      "settings": {
        "color_scheme": "",
        "section_header_alignment": "left",
        "section_header_alignment_mobile": "inherit",
        "subheading": "",
        "heading": "Popular Search",
        "highlight_style": "none",
        "highlight_font_style": "italic",
        "highlight_style_color": "",
        "highlight_text_color": "",
        "heading_size": "h2",
        "item_alignment": "left",
        "item_button_style": "btn--icon",
        "enable_slider": true,
        "swipe_on_mobile": true,
        "show_section_divider": false,
        "divider_width": "fixed",
        "padding_top": 0,
        "padding_bottom": 60
      }
    },
    "scrolling_promotion_Fy9Yhn": {
      "type": "scrolling-promotion",
      "blocks": {
        "text_gijz7Q": {
          "type": "text",
          "settings": {
            "text_link": "",
            "text": "Fast Delivery",
            "text_size": "h4",
            "text_opacity": 100,
            "use_custom_color": false,
            "custom_color": "#000000"
          }
        },
        "text_3TVCPg": {
          "type": "text",
          "settings": {
            "text_link": "",
            "text": "30 Days Free Returns",
            "text_size": "h4",
            "text_opacity": 100,
            "use_custom_color": false,
            "custom_color": "#000000"
          }
        },
        "text_iD6689": {
          "type": "text",
          "settings": {
            "text_link": "",
            "text": "Secure Payment",
            "text_size": "h4",
            "text_opacity": 100,
            "use_custom_color": false,
            "custom_color": "#000000"
          }
        },
        "text_CtJBtL": {
          "type": "text",
          "settings": {
            "text_link": "",
            "text": "24/7 Customer Support",
            "text_size": "h4",
            "text_opacity": 100,
            "use_custom_color": false,
            "custom_color": "#000000"
          }
        },
        "text_dGmg9m": {
          "type": "text",
          "settings": {
            "text_link": "",
            "text": "Sustainable Materials",
            "text_size": "h4",
            "text_opacity": 100,
            "use_custom_color": false,
            "custom_color": "#000000"
          }
        }
      },
      "block_order": [
        "text_gijz7Q",
        "text_3TVCPg",
        "text_iD6689",
        "text_CtJBtL",
        "text_dGmg9m"
      ],
      "settings": {
        "color_scheme": "scheme-3",
        "direction": "left",
        "pause_on_hover": true,
        "speed": 0.2,
        "h_spacing": 80,
        "show_section_divider": false,
        "padding_top": 22,
        "padding_bottom": 22
      }
    }
  },
  "order": [
    "breadcrumbs_Gxg9wp",
    "banner",
    "product-grid",
    "rich_text_dgPtDV",
    "buttons_with_icon_7zH9F3",
    "scrolling_promotion_Fy9Yhn"
  ]
}