{"sections":{"banner":{"type":"main-collection-banner","blocks":{"collection_info_zUNyKV":{"type":"collection_info","settings":{"heading_size":"h1","heading_tag":"h1","show_description":true,"padding_top":56,"padding_bottom":56}}},"block_order":["collection_info_zUNyKV"],"disabled":true,"custom_css":[".collection-hero__description {max-width: 40rem;}"],"settings":{"container":"fixed","color_scheme":"scheme-6","text_alignment":"left","show_collection_image":true,"image_overlay_opacity":0,"image_position":"right","image_height":"extra-small","enable_parallax":false,"parallax_direction":"vertical","image_height_mobile":"auto","padding_top":0,"padding_bottom":0}},"buttons_with_icon_XJn7cx":{"type":"buttons-with-icon","blocks":{"button_item_xVkaBU":{"type":"button_item","settings":{"button_label":"Tous les produits","button_link":"shopify:\/\/collections\/all","icon":"none"}},"button_item_UNAajR":{"type":"button_item","settings":{"button_label":"Thés","button_link":"shopify:\/\/collections\/thes-infusions","icon":"none"}},"button_item_LHei9W":{"type":"button_item","settings":{"button_label":"Ubés","button_link":"shopify:\/\/collections\/ube","icon":"none"}},"button_item_tccr3T":{"type":"button_item","settings":{"button_label":"Matchas","button_link":"shopify:\/\/collections\/matcha","icon":"none"}},"button_item_jkRqNX":{"type":"button_item","settings":{"button_label":"Infusions","button_link":"shopify:\/\/collections\/thes-infusions","icon":"none"}},"button_item_Hm4ygB":{"type":"button_item","settings":{"button_label":"Thés Glacés","button_link":"shopify:\/\/collections\/thes-glaces","icon":"none"}}},"block_order":["button_item_xVkaBU","button_item_UNAajR","button_item_LHei9W","button_item_tccr3T","button_item_jkRqNX","button_item_Hm4ygB"],"settings":{"container":"fixed","color_scheme":"","section_header_alignment":"center","section_header_alignment_mobile":"inherit","subheading":"","heading":"Découvrez Purethé","highlight_style":"none","highlight_font_style":"italic","highlight_style_color":"","highlight_text_color":"","heading_size":"h1","item_alignment":"center","item_button_style":"btn--primary","item_button_font":"button","enable_slider":false,"swipe_on_mobile":true,"show_section_divider":false,"divider_width":"fixed","padding_top":50,"padding_bottom":30}},"product-grid":{"type":"main-collection-product-grid","custom_css":[],"settings":{"container":"fixed","color_scheme":"scheme-1","products_per_page":36,"columns_desktop":4,"column_gap":"medium","row_gap":"medium","pagination":"infinite","enable_filtering":false,"enable_color_swatch":false,"filter_type":"vertical","expand_filter_groups":"Availability, Price, Color, Size, Category, Product Type","enable_sorting":false,"enable_layout_switching":false,"columns_mobile":"2","padding_top":28,"padding_bottom":40,"show_section_divider":true,"divider_width":"fixed"}}},"order":["banner","buttons_with_icon_XJn7cx","product-grid"]}