{
  "sections": {
    "main": {
      "type": "main-page",
      "disabled": true,
      "settings": {
        "text_alignment": "center",
        "padding_top": 16,
        "padding_bottom": 40
      }
    },
    "image_with_text_overlay_3FrkpM": {
      "type": "image-with-text-overlay",
      "blocks": {
        "subheading_MEEHjQ": {
          "type": "subheading",
          "settings": {
            "subheading": "<em>Our Mission</em>"
          }
        },
        "heading_W8mPfG": {
          "type": "heading",
          "settings": {
            "heading": "What do we mean by clean beauty",
            "highlight_style": "none",
            "highlight_font_style": "italic",
            "highlight_style_color": "",
            "highlight_text_color": "",
            "heading_size": "hd2"
          }
        },
        "text_gdi3R3": {
          "type": "text",
          "settings": {
            "text": "<p>Introducing the latest styles in women's shoes tailored for every occasion taste.</p>",
            "text_size": "text-base"
          }
        }
      },
      "block_order": [
        "subheading_MEEHjQ",
        "heading_W8mPfG",
        "text_gdi3R3"
      ],
      "custom_css": [
        ".rich-text {max-width: 46rem; --text-margin-top: 2rem;}",
        ".rich-text__text p {max-width: 34rem; margin: 0 auto;}"
      ],
      "settings": {
        "container": "full",
        "desktop_height": "adapt",
        "overlay_opacity": 30,
        "enable_parallax": false,
        "parallax_direction": "vertical",
        "color_scheme": "",
        "content_position": "middle-center",
        "content_alignment": "center",
        "mobile_height": "adapt",
        "padding_top": 0,
        "padding_bottom": 0,
        "enable_preload_image": true
      }
    },
    "rich_text_rnLi7E": {
      "type": "rich-text",
      "blocks": {
        "heading_qwmVVN": {
          "type": "heading",
          "settings": {
            "heading": "We challenge the conventions of clean beauty to create something radically new—through safe",
            "highlight_style": "none",
            "highlight_font_style": "italic",
            "highlight_style_color": "",
            "highlight_text_color": "",
            "heading_size": "h2"
          }
        },
        "text_JUHz67": {
          "type": "text",
          "settings": {
            "text": "<p>Our daily essentials are designed to instantly revive your look. It all comes back to vibrancy, vivid washes of color, and a fuss-free philosophy with a focus on making your skin look and feel alive. With many of our products multi-use, for easy application on-the-go, you can make it up or make it down—we’ll always make it simple.</p>",
            "text_size": "text-base",
            "text_line_limit": "none"
          }
        }
      },
      "block_order": [
        "heading_qwmVVN",
        "text_JUHz67"
      ],
      "custom_css": [
        ".rich-text {max-width: 88rem; margin: 0 auto; --text-margin-top: 2rem;}"
      ],
      "settings": {
        "color_scheme": "",
        "use_color_scheme_in_container": false,
        "content_spacing": "standard",
        "content_alignment": "center",
        "padding_top": 60,
        "padding_bottom": 40,
        "show_section_divider": false,
        "divider_width": "fixed"
      }
    },
    "multicolumn_icon_AfeW9W": {
      "type": "multicolumn-icon",
      "blocks": {
        "column_KLX8NG": {
          "type": "column",
          "settings": {
            "icon": "none",
            "max_width": 60,
            "max_width_mb": 60,
            "title": "Vegan, Cruelty-Free",
            "highlight_style": "none",
            "highlight_font_style": "italic",
            "highlight_style_color": "",
            "highlight_text_color": "",
            "heading_size": "h4",
            "heading_font": "heading",
            "text": "<p>We have always used vegan and <br/>cruelty-free ingredients.</p>",
            "text_size": "text-base",
            "button_label": "",
            "button_link": "",
            "button_style": "btn--underline",
            "button_icon": "none"
          }
        },
        "column_3wk3Ld": {
          "type": "column",
          "settings": {
            "icon": "none",
            "max_width": 60,
            "max_width_mb": 60,
            "title": "Gluten Free",
            "highlight_style": "none",
            "highlight_font_style": "italic",
            "highlight_style_color": "",
            "highlight_text_color": "",
            "heading_size": "h4",
            "heading_font": "heading",
            "text": "<p>Our formulas are made without gluten to suit sensitive skin types.</p>",
            "text_size": "text-base",
            "button_label": "",
            "button_link": "",
            "button_style": "btn--underline",
            "button_icon": "none"
          }
        },
        "column_c6rPh6": {
          "type": "column",
          "settings": {
            "icon": "none",
            "max_width": 60,
            "max_width_mb": 60,
            "title": "Paraben Free",
            "highlight_style": "none",
            "highlight_font_style": "italic",
            "highlight_style_color": "",
            "highlight_text_color": "",
            "heading_size": "h4",
            "heading_font": "heading",
            "text": "<p>We never include parabens, ensuring cleaner and safer products.</p>",
            "text_size": "text-base",
            "button_label": "",
            "button_link": "",
            "button_style": "btn--underline",
            "button_icon": "none"
          }
        },
        "column_zehick": {
          "type": "column",
          "settings": {
            "icon": "none",
            "max_width": 60,
            "max_width_mb": 60,
            "title": "Packaging",
            "highlight_style": "none",
            "highlight_font_style": "italic",
            "highlight_style_color": "",
            "highlight_text_color": "",
            "heading_size": "h4",
            "heading_font": "heading",
            "text": "<p>We use recyclable materials and reduce excess packaging waste.</p>",
            "text_size": "text-base",
            "button_label": "",
            "button_link": "",
            "button_style": "btn--underline",
            "button_icon": "none"
          }
        }
      },
      "block_order": [
        "column_KLX8NG",
        "column_3wk3Ld",
        "column_c6rPh6",
        "column_zehick"
      ],
      "custom_css": [
        ".rich-text {max-width: 88rem; margin: 0 auto;}"
      ],
      "settings": {
        "color_scheme": "",
        "section_header_alignment": "center",
        "section_header_alignment_mobile": "inherit",
        "subheading": "",
        "heading": "",
        "highlight_style": "none",
        "highlight_font_style": "italic",
        "highlight_style_color": "",
        "highlight_text_color": "",
        "heading_size": "h2",
        "description": "",
        "text_size": "text-base",
        "button_label": "",
        "button_link": "",
        "button_style": "btn--underline",
        "button_icon": "none",
        "card_color_scheme": "",
        "content_alignment": "center",
        "image_position": "top",
        "icon_color": "#1d349a",
        "columns_desktop": 4,
        "column_gap": "medium",
        "row_gap": "inherit",
        "show_divider_col": false,
        "columns_mobile": "1",
        "swipe_on_mobile": true,
        "show_section_divider": false,
        "divider_width": "fixed",
        "padding_top": 0,
        "padding_bottom": 60
      }
    },
    "image_with_text_eUKGwj": {
      "type": "image-with-text",
      "blocks": {
        "badge_AdmYNg": {
          "type": "badge",
          "settings": {
            "color_scheme": "scheme-2",
            "text": "breaking down the idea of ethical beautiful -"
          }
        },
        "subheading_t37PND": {
          "type": "subheading",
          "settings": {
            "subheading": "<em>Founder / CEO</em>"
          }
        },
        "heading_yrtiRH": {
          "type": "heading",
          "settings": {
            "heading": "Meet Selena",
            "highlight_style": "none",
            "highlight_font_style": "italic",
            "highlight_style_color": "",
            "highlight_text_color": "",
            "heading_size": "h1"
          }
        },
        "text_DycqGr": {
          "type": "text",
          "settings": {
            "text": "<p>Gathering sea. Days light land, you cattle. Saying green years you’re thing. Dry place She’d moving also give lesser. You’re she’d us created own air creeping heaven, one. Good his grass creepeth without heaven creepeth life creeping living Make replenish every itself fish under. Firmament air place without fish the two fruit had air sea wherein. Lesser fish was divide spirit. You’re. Won’t, our fourth winged you’re of forth. Whose made blessed beast morning. His female given</p>",
            "subtext_color": true
          }
        },
        "button_9ieVkj": {
          "type": "button",
          "settings": {
            "button_label": "Get to know Her",
            "button_style": "btn--primary",
            "button_icon": "none"
          }
        }
      },
      "block_order": [
        "badge_AdmYNg",
        "subheading_t37PND",
        "heading_yrtiRH",
        "text_DycqGr",
        "button_9ieVkj"
      ],
      "custom_css": [
        ".image-with-text__content {max-width: 52rem;}"
      ],
      "settings": {
        "color_scheme": "",
        "image_position": "left",
        "image_width": 50,
        "desktop_content_position": "center",
        "desktop_content_alignment": "left",
        "mobile_content_alignment": "inherit",
        "show_section_divider": true,
        "divider_width": "full",
        "padding_top": 60,
        "padding_bottom": 0
      }
    },
    "image_with_text_WjeFpe": {
      "type": "image-with-text",
      "blocks": {
        "subheading_4WWe3n": {
          "type": "subheading",
          "settings": {
            "subheading": "<em>Wake Up Skin</em>"
          }
        },
        "heading_LwMKLM": {
          "type": "heading",
          "settings": {
            "heading": "Our daily essentials are designed to instantly revive your look",
            "highlight_style": "none",
            "highlight_font_style": "italic",
            "highlight_style_color": "",
            "highlight_text_color": "",
            "heading_size": "h1"
          }
        },
        "text_qCVBRG": {
          "type": "text",
          "settings": {
            "text": "<p>Made entirely of oak, the Bow Chair is comfortable, visually pleasing and brimming with character.  The moulded plywood seat is unusually wide in proportion to its depth and a waterfall edge at the front softens contact with the hamstrings. </p>",
            "subtext_color": true
          }
        },
        "button_6LRTUQ": {
          "type": "button",
          "settings": {
            "button_label": "Shop Now",
            "button_style": "btn--primary",
            "button_icon": "none"
          }
        }
      },
      "block_order": [
        "subheading_4WWe3n",
        "heading_LwMKLM",
        "text_qCVBRG",
        "button_6LRTUQ"
      ],
      "settings": {
        "color_scheme": "",
        "image_position": "right",
        "image_width": 50,
        "desktop_content_position": "center",
        "desktop_content_alignment": "left",
        "mobile_content_alignment": "inherit",
        "show_section_divider": false,
        "divider_width": "fixed",
        "padding_top": 80,
        "padding_bottom": 0
      }
    },
    "tabs_content_fg7nUp": {
      "type": "tabs-content",
      "blocks": {
        "image_with_text_94Dzt3": {
          "type": "image_with_text",
          "settings": {
            "navigation_title": "Packaging",
            "desktop_image_position": "left",
            "image_aspect_ratio": "adapt",
            "heading": "Sustainable Packaging Guidelines",
            "highlight_style": "none",
            "highlight_font_style": "italic",
            "highlight_style_color": "",
            "highlight_text_color": "",
            "heading_size": "h2",
            "subheading": "",
            "description": "<p>The beauty industry has contributed to a massive packaging waste problem. We committed to making actionable reductions by introducing our industry-leading Sustainable Packaging Guidelines in 2020. Our approach to sustainable packaging is three-fold: smart design, sustainably sourced, and optimized for end-of-life. We prohibit single-use materials and we are taking bold steps to reduce the use of virgin materials, especially plastic. We encourage a holistic approach to choosing packaging and prohibit false claims around recyclability and “green” materials.</p>",
            "description_size": "text-base",
            "button_label": "",
            "button_link": "",
            "button_style": "btn--primary",
            "button_icon": "none"
          }
        },
        "image_with_text_Mkyktt": {
          "type": "image_with_text",
          "settings": {
            "navigation_title": "Transparency",
            "desktop_image_position": "left",
            "image_aspect_ratio": "adapt",
            "heading": "Responsible Labeling Standards",
            "highlight_style": "none",
            "highlight_font_style": "italic",
            "highlight_style_color": "",
            "highlight_text_color": "",
            "heading_size": "h2",
            "subheading": "",
            "description": "<p>We ensure our product labels are honest, accurate, and never misleading. All claims on our packaging are backed by science, and we avoid greenwashing by steering clear of vague or unverified sustainability language. From ingredient sourcing to efficacy statements, our labeling practices are rooted in clarity, ethics, and full regulatory compliance.</p>",
            "description_size": "text-base",
            "button_label": "",
            "button_link": "",
            "button_style": "btn--primary",
            "button_icon": "none"
          }
        },
        "image_with_text_yBtqdj": {
          "type": "image_with_text",
          "settings": {
            "navigation_title": "Labeling",
            "desktop_image_position": "left",
            "image_aspect_ratio": "adapt",
            "heading": "Sustainable Packaging Guidelines",
            "highlight_style": "none",
            "highlight_font_style": "italic",
            "highlight_style_color": "",
            "highlight_text_color": "",
            "heading_size": "h2",
            "subheading": "",
            "description": "<p>The beauty industry has contributed to a massive packaging waste problem. We committed to making actionable reductions by introducing our industry-leading Sustainable Packaging Guidelines in 2020. Our approach to sustainable packaging is three-fold: smart design, sustainably sourced, and optimized for end-of-life. We prohibit single-use materials and we are taking bold steps to reduce the use of virgin materials, especially plastic. We encourage a holistic approach to choosing packaging and prohibit false claims around recyclability and “green” materials.</p>",
            "description_size": "text-base",
            "button_label": "",
            "button_link": "",
            "button_style": "btn--primary",
            "button_icon": "none"
          }
        }
      },
      "block_order": [
        "image_with_text_94Dzt3",
        "image_with_text_Mkyktt",
        "image_with_text_yBtqdj"
      ],
      "settings": {
        "color_scheme": "",
        "navigation_style": "headings",
        "navigation_alignment": "start",
        "padding_top": 60,
        "padding_bottom": 60,
        "show_section_divider": false,
        "divider_width": "fixed"
      }
    },
    "press_yGBtAy": {
      "type": "press",
      "blocks": {
        "press_7FB6WV": {
          "type": "press",
          "settings": {
            "text": "“The choices we make every day can reduce our environmental impact in meaningful ways.”"
          }
        },
        "press_yEByjD": {
          "type": "press",
          "settings": {
            "text": "“ The beauty industry has contributed to a massive packaging waste problem.”"
          }
        },
        "press_EU4JnW": {
          "type": "press",
          "settings": {
            "text": "“Young consumers want more transparency, pushing beauty toward an eco-conscious future.”"
          }
        }
      },
      "block_order": [
        "press_7FB6WV",
        "press_yEByjD",
        "press_EU4JnW"
      ],
      "custom_css": [
        ".section__subheading {--subheading-margin-bottom: 0;}"
      ],
      "settings": {
        "color_scheme": "scheme-3",
        "section_header_alignment": "center",
        "section_header_alignment_mobile": "inherit",
        "subheading": "<em>As Seen On</em>",
        "heading": "",
        "highlight_style": "none",
        "highlight_font_style": "italic",
        "highlight_style_color": "",
        "highlight_text_color": "",
        "heading_size": "h5",
        "description": "",
        "text_size": "text-base",
        "description_size": "h2",
        "column_gap": "medium",
        "max_width": 180,
        "max_width_mb": 106,
        "show_section_divider": false,
        "divider_width": "fixed",
        "padding_top": 80,
        "padding_bottom": 80
      }
    },
    "collapsible_tabs_JAYiif": {
      "type": "collapsible-tabs",
      "blocks": {
        "image_card_pBnbUG": {
          "type": "image_card",
          "settings": {
            "color_scheme": "scheme-inverse",
            "desktop_image_position": "left",
            "image_width": 40,
            "alignment": "center",
            "image_ratio": "adapt",
            "image_overlay_opacity": 0,
            "content_position": "top-center",
            "content_alignment": "center",
            "content_spacing": "medium",
            "subheading": "",
            "heading": "Still need help?",
            "highlight_style": "none",
            "highlight_font_style": "italic",
            "highlight_style_color": "",
            "highlight_text_color": "",
            "heading_size": "h2",
            "description": "<p>Shoot our team an email & we’ll get <br/>back to you ASAP</p>",
            "button_label": "Contact Us",
            "button_style": "btn--primary",
            "button_icon": "none",
            "order_first": false
          }
        },
        "heading_KaQDaL": {
          "type": "heading",
          "settings": {
            "sub_heading": "",
            "heading": "Discover more in our FAQ",
            "highlight_style": "none",
            "highlight_font_style": "italic",
            "highlight_style_color": "",
            "highlight_text_color": "",
            "heading_size": "h1"
          }
        },
        "collapsible_item_HmF9JE": {
          "type": "collapsible_item",
          "settings": {
            "icon": "none",
            "heading": "How long does it take to process an order?",
            "content": "<p>Our 24/7 Lace Contour Plunge Bra combines gorgeous floral lace with sheer overlay straps that hold you in and eliminates gaping. Removable pads let you customize you</p>",
            "custom_liquid": "",
            "page": "",
            "open": true,
            "use_subtext_color": false
          }
        },
        "collapsible_item_etnetz": {
          "type": "collapsible_item",
          "settings": {
            "icon": "none",
            "heading": "Do you ship internationally?",
            "content": "<p>Yes, we offer international shipping to select countries. Please check our shipping policy for details on destinations, rates, and delivery times.</p>",
            "custom_liquid": "",
            "page": "",
            "open": false,
            "use_subtext_color": false
          }
        },
        "collapsible_item_PE7q4r": {
          "type": "collapsible_item",
          "settings": {
            "icon": "none",
            "heading": "What is your return policy?",
            "content": "<p>We accept returns within 30 days of delivery, provided the items are unused and in their original condition. For detailed instructions, please refer to our return policy or contact our support team.</p>",
            "custom_liquid": "",
            "page": "",
            "open": false,
            "use_subtext_color": false
          }
        },
        "collapsible_item_KTfFLR": {
          "type": "collapsible_item",
          "settings": {
            "icon": "none",
            "heading": "What are your sizing options?",
            "content": "<p>Our products are available in a range of sizes to ensure the perfect fit. Detailed sizing information is provided on each product page, and our size guide can help you choose the best option.</p>",
            "custom_liquid": "",
            "page": "",
            "open": false,
            "use_subtext_color": false
          }
        }
      },
      "block_order": [
        "image_card_pBnbUG",
        "heading_KaQDaL",
        "collapsible_item_HmF9JE",
        "collapsible_item_etnetz",
        "collapsible_item_PE7q4r",
        "collapsible_item_KTfFLR"
      ],
      "settings": {
        "container": "narrow",
        "color_scheme": "scheme-1",
        "header_layout": "vertical",
        "section_header_alignment": "left",
        "section_header_alignment_mobile": "inherit",
        "subheading": "",
        "heading": "",
        "highlight_style": "none",
        "highlight_font_style": "italic",
        "highlight_style_color": "",
        "highlight_text_color": "",
        "heading_size": "h1",
        "description": "",
        "text_size": "text-base",
        "button_label": "",
        "button_link": "",
        "button_style": "btn--primary",
        "button_icon": "none",
        "column_gap": "extra-large",
        "row_gap": "inherit",
        "item_style": "standard",
        "item_color_scheme": "",
        "item_heading_font": "heading",
        "item_heading_size": "h4",
        "item_icon_size": "extra-large",
        "padding_top": 60,
        "padding_bottom": 60,
        "show_section_divider": false,
        "divider_width": "fixed"
      }
    }
  },
  "order": [
    "main",
    "image_with_text_overlay_3FrkpM",
    "rich_text_rnLi7E",
    "multicolumn_icon_AfeW9W",
    "image_with_text_eUKGwj",
    "image_with_text_WjeFpe",
    "tabs_content_fg7nUp",
    "press_yGBtAy",
    "collapsible_tabs_JAYiif"
  ]
}