{"sections":{"main":{"type":"main-page","disabled":true,"settings":{"container":"fixed","text_alignment":"center","padding_top":28,"padding_bottom":28}},"collapsible_tabs_fQ78Tm":{"type":"collapsible-tabs","blocks":{"collapsible_item_pL4rqB":{"type":"collapsible_item","settings":{"icon":"none","heading":"Quels délais de livraison dois-je attendre ?","content":"<p>En France métropolitaine, votre commande vous parvient généralement sous 48 heures avec Colissimo (offert dès 40 €) ou en point relais, avec un numéro de suivi envoyé par e-mail dès l’expédition. Pour l’Europe, comptez 3 à 7 jours ouvrés, et pour les DOM-TOM ou l’international, entre 7 et 15 jours selon la destination. Vous pouvez suivre chaque étape directement en cliquant sur le lien de suivi que nous vous fournissons.<\/p>","custom_liquid":"","page":"","open":false,"use_subtext_color":false}},"collapsible_item_DWND48":{"type":"collapsible_item","settings":{"icon":"none","heading":"Quels sont les frais de port ?","content":"<p>Nous proposons le Colissimo France à 4,90 € (gratuit dès 40 € d’achat) et le relais colis à 3,90 €. Pour l’Europe et les DOM-TOM, les frais sont calculés automatiquement en fonction du poids et affichés en temps réel dans votre panier, avant la validation.<\/p>","custom_liquid":"","page":"","open":false,"use_subtext_color":false}},"collapsible_item_LY8jzd":{"type":"collapsible_item","settings":{"icon":"none","heading":"Quels modes de paiement acceptez-vous ?","content":"<p>Nous prenons en charge les cartes bancaires (Visa, Mastercard, CB), PayPal, Apple Pay, Google Pay, et le paiement en trois fois sans frais pour toute commande supérieure à 80 €.<\/p>","custom_liquid":"","page":"","open":false,"use_subtext_color":false}},"collapsible_item_DaJ3Xt":{"type":"collapsible_item","settings":{"icon":"none","heading":"Où êtes-vous situés et proposez-vous le retrait en boutique ?","content":"<p>Notre atelier se trouve à Grenoble. Vous pouvez retirer gratuitement votre commande sur rendez-vous, ou participer à nos ateliers dégustation et visites sur demande en contactant notre service client.<\/p>","custom_liquid":"","page":"","open":false,"use_subtext_color":false}},"collapsible_item_J6agkq":{"type":"collapsible_item","settings":{"icon":"none","heading":"Quels types de thés et d’infusions proposez-vous, et d’où viennent-ils ?","content":"<p>Nous sélectionnons des thés verts, noirs, Oolong, blancs et Rooibos issus de jardins certifiés bio en Chine, Inde, Sri Lanka et Japon. Nos infusions (menthe, verveine, camomille, etc.) proviennent de coopératives françaises et européennes, toutes cultivées sans pesticides.<\/p>","custom_liquid":"","page":"","open":false,"use_subtext_color":false}},"collapsible_item_8LJjtq":{"type":"collapsible_item","settings":{"icon":"none","heading":"Comment conserver au mieux mes thés et infusions ?","content":"<p>Pour préserver leurs arômes et leurs vertus, conservez-les à l’abri de la lumière, de l’humidité et des odeurs fortes, dans un récipient hermétique à température ambiante. Bien stockés, nos produits restent frais et goûteux pendant 6 à 12 mois.<\/p>","custom_liquid":"","page":"","open":false,"use_subtext_color":false}},"collapsible_item_7zxCkh":{"type":"collapsible_item","settings":{"icon":"none","heading":"Que faire si un produit manque ou arrive endommagé ?","content":"<p>Contactez-nous sous 48 heures à <a>sav@purete.fr<\/a> en joignant une photo du contenu. Si un article manque, nous le réexpédions immédiatement sans frais. Si un produit est endommagé, vous pouvez choisir entre échange ou remboursement intégral, toujours à nos frais.<\/p>","custom_liquid":"","page":"","open":false,"use_subtext_color":false}},"collapsible_item_wNrW3w":{"type":"collapsible_item","settings":{"icon":"none","heading":"Besoin d’aide en direct ?","content":"<p>Notre service client est à votre écoute du lundi au vendredi de 9 h à 17 h<\/p>","custom_liquid":"","page":"","open":false,"use_subtext_color":false}}},"block_order":["collapsible_item_pL4rqB","collapsible_item_DWND48","collapsible_item_LY8jzd","collapsible_item_DaJ3Xt","collapsible_item_J6agkq","collapsible_item_8LJjtq","collapsible_item_7zxCkh","collapsible_item_wNrW3w"],"name":"t:sections.collapsible-tabs.name","settings":{"container":"fixed","color_scheme":"","header_layout":"vertical","section_header_alignment":"center","section_header_alignment_mobile":"inherit","subheading":"","heading":"<strong>Centre d'aide PureThé<\/strong>","highlight_style":"none","highlight_font_style":"italic","highlight_style_color":"","highlight_text_color":"","heading_size":"h1","description":"<p>Des questions ? Consultez notre centre d'aide.<\/p>","text_size":"text-base","button_label":"","button_link":"","button_style":"btn--primary","button_icon":"none","column_gap":"small","row_gap":"small","item_style":"standard","item_color_scheme":"","item_heading_font":"body","item_heading_size":"h4","item_icon_size":"small","padding_top":50,"padding_bottom":0,"show_section_divider":false,"divider_width":"fixed"}},"custom_liquid_Xe7Rnq":{"type":"custom-liquid","name":"t:sections.custom-liquid.name","settings":{"custom_liquid":"<div style=\"\n  background-color: #2A2552;\n  color: #fff;\n  padding: 2rem;\n  margin: 1rem auto;\n  width: calc(100% - 2rem);      \/* espace latéral de 1rem de chaque côté *\/\n  max-width: 1340px;\n  border: 2px solid #fff;\n  border-radius: 12px;\n  text-align: center;\n  box-sizing: border-box;\n\">\n  <!-- 5 étoiles -->\n  <div style=\"width: 216px; margin: 0 auto 1.5rem;\">\n    <svg viewBox=\"0 0 216 53\" xmlns=\"http:\/\/www.w3.org\/2000\/svg\" aria-hidden=\"true\" focusable=\"false\">\n      <path d=\"M0.367698 32.552C0 32.1828 0 31.8135 0 31.4442L0.183849 31.075C0.367698 30.7057 0.551546 30.5211 0.919244 30.5211L12.6856 29.5979L17.0979 18.7046C17.4656 18.1507 17.8333 17.9661 18.201 17.9661H18.7526C19.1203 17.9661 19.488 18.1507 19.6718 18.52L24.268 29.4133L36.0344 30.3364C36.4021 30.3364 36.7698 30.7057 36.7698 30.8903V31.4442C36.9536 31.8135 36.7698 32.1828 36.5859 32.3674L27.5773 40.1219L30.3351 51.5691C30.3351 51.9384 30.3351 52.3076 29.9674 52.4923L29.4158 52.8615C29.0481 53.0462 28.6804 53.0462 28.3127 52.8615L18.3849 46.7687L8.2732 52.8615C8.08935 53.0462 7.72165 53.0462 7.35395 52.8615L6.98625 52.6769C6.61856 52.4923 6.61856 52.123 6.61856 51.7537L9.19244 40.1219L0.367698 32.552ZM44.6753 23.569C44.3076 23.3843 44.3076 23.0151 44.3076 22.6458L44.4914 22.2765C44.6753 21.9073 44.8591 21.7227 45.2268 21.7227L56.9931 20.4302L61.4055 9.53695C61.5894 9.16768 61.957 8.98305 62.5086 8.98305H63.0601C63.4278 8.98305 63.7955 9.16768 63.9794 9.53695L68.5756 20.4302L80.3419 21.3534C80.7096 21.3534 81.0773 21.7227 81.0773 21.9073L81.2612 22.2765C81.445 22.6458 81.2612 23.0151 81.0773 23.1997L71.8849 31.1389L74.6426 42.5861C74.6426 42.9553 74.6426 43.3246 74.2749 43.5092L73.7234 43.8785C73.3557 44.0631 72.988 44.0631 72.6203 43.8785L62.6924 37.7856L52.5808 43.8785C52.2131 44.0631 51.8454 44.0631 51.4777 43.8785L51.11 43.6938C50.7423 43.5092 50.7423 43.1399 50.7423 42.7707L53.3161 31.3235L44.6753 23.569ZM88.9828 14.5859C88.6151 14.4013 88.6151 14.032 88.6151 13.6628L88.799 13.2935C88.9828 12.9242 89.1667 12.7396 89.5344 12.7396L101.301 11.8164L105.713 0.923159C105.897 0.184632 106.265 0 106.816 0H107.368C107.735 0 108.103 0.184632 108.287 0.553896L112.883 11.4472L124.649 12.3703C125.017 12.3703 125.385 12.7396 125.385 12.9242L125.569 13.2935C125.753 13.6628 125.569 14.032 125.385 14.2167L116.192 22.1558L118.95 33.603C118.95 33.9723 118.95 34.3415 118.582 34.5262L118.031 34.8954C117.663 35.0801 117.296 35.0801 116.928 34.8954L107 28.8026L96.8883 34.8954C96.5206 35.0801 96.1529 35.0801 95.7852 34.8954L95.4175 34.7108C95.0498 34.5262 95.0498 34.1569 95.0498 33.7876L97.6237 22.3405L88.9828 14.5859ZM133.29 23.569C132.923 23.3843 132.923 23.0151 132.923 22.6458L133.107 22.2765C133.29 21.9073 133.474 21.7227 133.842 21.7227L145.608 20.7995L150.021 9.90621C150.204 9.16768 150.572 8.98305 150.94 8.98305H151.491C151.859 8.98305 152.227 9.16768 152.411 9.53695L157.007 20.4302L168.773 21.3534C169.141 21.3534 169.509 21.7227 169.509 21.9073L169.692 22.2765C169.876 22.6458 169.692 23.0151 169.509 23.1997L160.5 31.1389L163.258 42.5861C163.258 42.9553 163.258 43.3246 162.89 43.5092L162.339 43.8785C161.971 44.0631 161.603 44.0631 161.235 43.8785L151.308 37.7856L141.196 43.8785C140.828 44.0631 140.46 44.0631 140.093 43.8785L139.725 43.6938C139.357 43.5092 139.357 43.1399 139.357 42.7707L141.931 31.3235L133.29 23.569ZM213.816 31.4442L213.632 31.075C213.448 30.7057 213.265 30.5211 212.897 30.5211L201.131 29.5979L196.718 18.52C196.534 18.1507 196.167 17.9661 195.799 17.9661H195.615H195.431C195.064 17.9661 194.696 18.1507 194.512 18.52L190.1 29.4133L178.333 30.3364C177.966 30.3364 177.598 30.7057 177.598 30.8903L177.414 31.2596C177.414 31.4442 177.414 31.6289 177.414 31.8135C177.414 31.9981 177.598 32.1828 177.782 32.1828L186.607 39.7527L184.033 51.1998C184.033 51.5691 184.033 51.9384 184.4 52.123L184.768 52.3076C184.952 52.4923 185.32 52.4923 185.687 52.3076H185.871L195.983 46.2148L205.911 52.3076C206.278 52.4923 206.646 52.4923 207.014 52.3076L207.565 51.9384C207.933 51.7537 207.933 51.3845 207.933 51.0152L205.175 39.568L214 31.9981C213.816 32.1828 214 31.8135 213.816 31.4442Z\" fill=\"#FFCB61\"\/>\n    <\/svg>\n  <\/div>\n\n <!-- Titre -->\n<h2 style=\"color: #FFFFFF; font-size: 42px; font-weight: bold; margin-bottom: 0.75rem;\">\n  Garantie de bonheur Purethé\n<\/h2>\n\n  <!-- Texte -->\n  <p style=\"font-size: 16px; line-height: 1.6; max-width: 720px; margin: 0 auto;\">\n    Chez Purethé, nous nous engageons à offrir des infusions savoureuses et équilibrées à celles et ceux qui recherchent l’authenticité sans compromis.\n  <\/p>\n<\/div>","color_scheme":"","padding_top":0,"padding_bottom":0}},"contact_form_iTg4AD":{"type":"contact-form","blocks":{"custom_field_eHXznA":{"type":"custom_field","settings":{"field_type":"phone","heading":"Téléphone","placeholder":"","required":false,"full_width":true,"select_options":"","checkbox_checked_value":"Yes","checkbox_uncheck_value":"No","radio_options":""}}},"block_order":["custom_field_eHXznA"],"name":"t:sections.contact-form.name","settings":{"container":"fixed","section_color_scheme":"","heading":"<strong>Vous ne trouvez pas votre réponse ?<\/strong>","highlight_style":"none","highlight_font_style":"italic","highlight_style_color":"","highlight_text_color":"","heading_size":"h1","padding_top":50,"padding_bottom":50,"show_section_divider":false,"divider_width":"fixed"}}},"order":["main","collapsible_tabs_fQ78Tm","custom_liquid_Xe7Rnq","contact_form_iTg4AD"]}