{
  "sections": {
    "breadcrumbs_xYaBHj": {
      "type": "breadcrumbs",
      "settings": {
        "text_alignment": "start"
      }
    },
    "main": {
      "type": "main-page",
      "custom_css": [
        ".rich-text {max-width: 67rem;}"
      ],
      "settings": {
        "text_alignment": "left",
        "padding_top": 0,
        "padding_bottom": 40
      }
    },
    "form": {
      "type": "contact-form",
      "blocks": {
        "sidebar_6PaerX": {
          "type": "sidebar",
          "settings": {
            "position": "right",
            "heading": "Need Help?",
            "heading_size": "h2",
            "text": "<p>To us, design has a broader purpose and as you can read about on this website, we are on a mission. </p>",
            "text_size": "text-base",
            "icon_1": "map-pin",
            "icon_width_1": 32,
            "icon_color_1": "#64b7a6",
            "icon_heading_1": "General Office",
            "icon_heading_size_1": "h5",
            "icon_text_1": "<p>382 NE 191st St # 87394 Miami</p>",
            "icon_vertical_alignment_1": "start",
            "icon_2": "phone",
            "icon_width_2": 28,
            "icon_color_2": "#64b7a6",
            "icon_heading_2": "Call Us",
            "icon_heading_size_2": "h5",
            "icon_text_2": "<p>+1 888-234-1234 (tool-free)</p>",
            "icon_vertical_alignment_2": "start",
            "icon_3": "clock",
            "icon_width_3": 28,
            "icon_color_3": "#64b7a6",
            "icon_heading_3": "Working Hour",
            "icon_heading_size_3": "h5",
            "icon_text_3": "<p>Mon – Fri, 7:30 AM – 4:00 PM PT <br/>Sat, 8:00 AM – 1:00 PM PT <br/>Sun, Closed</p>",
            "icon_vertical_alignment_3": "start",
            "button_label": "Find A Store",
            "button_style": "btn--primary",
            "button_icon": "none"
          }
        },
        "custom_field_8AQYaC": {
          "type": "custom_field",
          "settings": {
            "field_type": "phone",
            "heading": "Phone Number",
            "placeholder": "Phone Number",
            "required": true,
            "full_width": false,
            "select_options": "",
            "checkbox_checked_value": "Yes",
            "checkbox_uncheck_value": "No",
            "radio_options": ""
          }
        },
        "custom_field_8mNKKQ": {
          "type": "custom_field",
          "settings": {
            "field_type": "text",
            "heading": "Order Number",
            "placeholder": "Order Number",
            "required": false,
            "full_width": false,
            "select_options": "",
            "checkbox_checked_value": "Yes",
            "checkbox_uncheck_value": "No",
            "radio_options": ""
          }
        },
        "custom_field_d63Kne": {
          "type": "custom_field",
          "settings": {
            "field_type": "select",
            "heading": "Country",
            "placeholder": "Country",
            "required": false,
            "full_width": true,
            "select_options": "Viet Nam,New York",
            "checkbox_checked_value": "Yes",
            "checkbox_uncheck_value": "No",
            "radio_options": ""
          }
        }
      },
      "block_order": [
        "sidebar_6PaerX",
        "custom_field_8AQYaC",
        "custom_field_8mNKKQ",
        "custom_field_d63Kne"
      ],
      "custom_css": [],
      "settings": {
        "section_color_scheme": "",
        "heading": "",
        "highlight_style": "none",
        "highlight_font_style": "italic",
        "highlight_style_color": "",
        "highlight_text_color": "",
        "heading_size": "hd2",
        "padding_top": 0,
        "padding_bottom": 60,
        "show_section_divider": false,
        "divider_width": "fixed"
      }
    }
  },
  "order": [
    "breadcrumbs_xYaBHj",
    "main",
    "form"
  ]
}