{
  "sections": {
    "breadcrumbs_xLtFgr": {
      "type": "breadcrumbs",
      "settings": {
        "text_alignment": "start"
      }
    },
    "main": {
      "type": "main-page",
      "settings": {
        "text_alignment": "left",
        "padding_top": 0,
        "padding_bottom": 40
      }
    },
    "tabs_content_3RkBGB": {
      "type": "tabs-content",
      "blocks": {
        "tab_bFL4fU": {
          "type": "tab",
          "settings": {
            "navigation_title": "Shipping",
            "content": "",
            "custom_liquid": "",
            "page": "shipping"
          }
        },
        "tab_UUKcw4": {
          "type": "tab",
          "settings": {
            "navigation_title": "Returns & Refunds",
            "content": "",
            "custom_liquid": "",
            "page": "returns-refunds"
          }
        },
        "tab_nAyqCd": {
          "type": "tab",
          "settings": {
            "navigation_title": "Secure Payment",
            "content": "",
            "custom_liquid": "",
            "page": "secure-payment"
          }
        },
        "tab_Jk99bp": {
          "type": "tab",
          "settings": {
            "navigation_title": "Warranty",
            "content": "",
            "custom_liquid": "",
            "page": "warranty"
          }
        },
        "tab_iLnPRH": {
          "type": "tab",
          "settings": {
            "navigation_title": "Track Order",
            "content": "",
            "custom_liquid": "",
            "page": "track-order"
          }
        },
        "sidebar_kqiR33": {
          "type": "sidebar",
          "settings": {
            "position": "right",
            "heading": "Need Help?",
            "highlight_style": "none",
            "highlight_font_style": "italic",
            "highlight_style_color": "",
            "highlight_text_color": "",
            "heading_size": "h3",
            "text": "<p>To us, design has a broader purpose and as you can read about on this website, we are on a mission. </p>",
            "text_size": "text-base",
            "icon_1": "map-pin",
            "icon_width_1": 32,
            "icon_color_1": "#64b7a6",
            "icon_heading_1": "General Office",
            "icon_heading_size_1": "h5",
            "icon_text_1": "<p>382 NE 191st St # 87394 Miami</p>",
            "icon_vertical_alignment_1": "start",
            "icon_2": "phone",
            "icon_width_2": 28,
            "icon_color_2": "#64b7a6",
            "icon_heading_2": "Call Us",
            "icon_heading_size_2": "h5",
            "icon_text_2": "<p>+1 888-234-1234 (tool-free)</p>",
            "icon_vertical_alignment_2": "start",
            "icon_3": "clock",
            "icon_width_3": 28,
            "icon_color_3": "#64b7a6",
            "icon_heading_3": "Working Hour",
            "icon_heading_size_3": "h5",
            "icon_text_3": "<p>Mon – Fri, 7:30 AM – 4:00 PM PT <br/>Sat, 8:00 AM – 1:00 PM PT <br/>Sun, Closed</p>",
            "icon_vertical_alignment_3": "start",
            "button_label": "Find a Store",
            "button_style": "btn--primary",
            "button_icon": "none"
          }
        }
      },
      "block_order": [
        "tab_bFL4fU",
        "tab_UUKcw4",
        "tab_nAyqCd",
        "tab_Jk99bp",
        "tab_iLnPRH",
        "sidebar_kqiR33"
      ],
      "settings": {
        "color_scheme": "",
        "navigation_style": "buttons",
        "navigation_alignment": "start",
        "padding_top": 0,
        "padding_bottom": 60,
        "show_section_divider": false,
        "divider_width": "fixed"
      }
    }
  },
  "order": [
    "breadcrumbs_xLtFgr",
    "main",
    "tabs_content_3RkBGB"
  ]
}