{"sections":{"breadcrumbs":{"type":"breadcrumbs","settings":{"container":"fixed","text_alignment":"start","padding_top":16,"padding_bottom":20}},"main":{"type":"main-product","blocks":{"custom_liquid_8mayTC":{"type":"custom_liquid","settings":{"custom_liquid":"<!-- Titre du produit -->\n<h2 style=\"font-size: 36px; font-weight: bold; color: black; margin-bottom: 0.7rem;\">\n  {{ product.title }}\n<\/h2>\n\n<!-- Bandeau étoiles & critères -->\n<div style=\"\n  display: flex;\n  justify-content: space-between;\n  align-items: center;\n  font-size: 16px;\n  color: #4A4A4A;\n  width: 100%;\n  box-sizing: border-box;\n\">\n  <!-- Étoiles + note (à gauche) -->\n  <div style=\"display: flex; align-items: center; gap: 0.25rem;\">\n    {% for i in (1..5) %}\n      <svg width=\"16\" height=\"16\" viewBox=\"0 0 16 16\" aria-hidden=\"true\" role=\"img\">\n        <path d=\"M0.164948 6.6614C0 6.49275 0 6.32411 0 6.15547L0.0824742 5.98682C0.164948 5.81818 0.247423 5.73386 0.412371 5.73386L5.69072 5.31225L7.6701 0.337286C7.83505 0.0843215 8 0 8.16495 0H8.41237C8.57732 0 8.74227 0.0843215 8.82474 0.252964L10.8866 5.22793L16.1649 5.64954C16.3299 5.64954 16.4948 5.81818 16.4948 5.9025V6.15547C16.5773 6.32411 16.4948 6.49275 16.4124 6.57708L12.3711 10.1186L13.6082 15.3465C13.6082 15.5152 13.6082 15.6838 13.4433 15.7681L13.1959 15.9368C13.0309 16.0211 12.866 16.0211 12.701 15.9368L8.24742 13.1542L3.71134 15.9368C3.62887 16.0211 3.46392 16.0211 3.29897 15.9368L3.13402 15.8524C2.96907 15.7681 2.96907 15.5995 2.96907 15.4308L4.12371 10.1186L0.164948 6.6614Z\" fill=\"#ffb815\"\/>\n      <\/svg>\n    {% endfor %}\n    <span style=\"font-weight: bold; margin-left: 0.5rem;\">(8 015)<\/span>\n  <\/div>\n\n  <!-- Critères (à droite) -->\n  <div style=\"display: flex; align-items: center; gap: 0.3rem;\">\n    <span>Frais<\/span>\n    <span>│<\/span>\n    <span>Saveur<\/span>\n    <span>│<\/span>\n    <span>Énergie<\/span>\n  <\/div>\n<\/div>"}},"description":{"type":"description","settings":{}},"custom_liquid_4BHMaE":{"type":"custom_liquid","settings":{"custom_liquid":"<style>\n  .features-row {\n    display: flex;\n    gap: 1rem;\n    justify-content: space-between; \/* espace homogène *\/\n    flex-wrap: nowrap;              \/* pas de second rang *\/\n    margin: 2rem 0;\n  }\n\n  .feature-item {\n    background: #2A2552;\n    border-radius: 9px;\n    padding: 1rem;\n    flex: 1 1 0;        \/* chaque bloc occupe un tiers de la ligne *\/\n    min-width: 0;       \/* autorise le bloc à rétrécir si besoin *\/\n    text-align: center;\n    box-sizing: border-box;\n  }\n\n  .feature-item img {\n    display: block;\n    margin: 0 auto 0.5rem;\n    width: 40px;\n    height: 40px;\n  }\n\n  .feature-item p {\n    margin: 0;\n    font-size: 13px;\n    color: #fff;\n    line-height: 1.4;\n    white-space: normal;\n    word-break: break-word;\n    font-weight: bold;   \/* ➜ texte en gras *\/\n  }\n<\/style>\n\n<div class=\"features-row\">\n  <div class=\"feature-item\">\n    <img src=\"https:\/\/cdn.shopify.com\/s\/files\/1\/0829\/4865\/3401\/files\/la-glace_1.png?v=1753545051\" alt=\"Énergie sans nervosité\">\n    <p>Tellement<br> rafraîchissant<\/p>\n  <\/div>\n  <div class=\"feature-item\">\n    <img src=\"https:\/\/cdn.shopify.com\/s\/files\/1\/0829\/4865\/3401\/files\/cerveau.png?v=1753385493\" alt=\"Performance cognitive\">\n    <p>Performance<br>Cognitive<\/p>\n  <\/div>\n  <div class=\"feature-item\">\n    <img src=\"https:\/\/cdn.shopify.com\/s\/files\/1\/0829\/4865\/3401\/files\/intestin.png?v=1753385131\" alt=\"Santé intestinale\">\n    <p>Santé<br>intestinale<\/p>\n  <\/div>\n<\/div>"}},"custom_liquid_TGkP4h":{"type":"custom_liquid","settings":{"custom_liquid":"<!-- Shopify Bundle Offers – OUBI product page -->\n<style>\n  \/* ---------- TITRE DE SECTION ---------- *\/\n  .bundle-section-title{\n    font-family:'FailleTri-Medium',sans-serif;\n    font-size:16px;font-weight:bold;color:#000;\n    margin:0 0 1rem 0;\n    display:flex;align-items:center;gap:.5rem;\n  }\n\n  \/* Pastille n° *\/\n  .step-badge{\n    width:24px;height:24px;border-radius:50%;\n    background:#2A2552;color:#fff;\n    display:inline-flex;align-items:center;justify-content:center;\n    font-size:14px;flex-shrink:0;\n  }\n\n  \/* ---------- BLOCS OFFRE ---------- *\/\n  .bundle-block{\n    display:flex;flex-direction:column;gap:1rem;margin-top:1.5rem;\n  }\n\n  .bundle-card{\n    border:2px solid rgba(0,0,0,.1);\n    border-radius:8px;\n    min-height:66px; \/* 🔥 min 56px requis *\/\n    padding:0 1rem;\n    font-weight:bold;\n    display:flex;align-items:center;gap:.5rem;\n    cursor:pointer;\n    transition:border-color .2s,border-width .2s,box-shadow .2s;\n    position:relative;box-sizing:border-box;\n  }\n\n  .bundle-card .qty{flex:1 1 auto;text-align:left;min-width:0;line-height:1.35;overflow-wrap:anywhere;}\n  .bundle-card .unit-price{margin-left:auto;white-space:nowrap;flex-shrink:0;font-size:16px;color:#000;font-weight:bold;}\n\n  .discount-badge{background:#C8202F;color:#fff;font-size:13px;font-weight:bold;padding:4px 10px;border-radius:9999px;margin-left:.5rem;display:inline-block;vertical-align:middle;flex-shrink:0;}\n\n  .bundle-card input{position:absolute;opacity:0;pointer-events:none;}\n  .bundle-card-selected{border-width:3px;border-color:#3E358C;box-shadow:0 4px 8px rgba(62,53,140,.2);}  \n<\/style>\n\n<!-- ===== STEP : OFFRES ===== -->\n<h2 class=\"bundle-section-title\">\n  \n   Choisissez une quantité :\n<\/h2>\n\n<div class=\"bundle-block\">\n  <!-- Offre 1 : 2 achetés + 1 offert (prix = 2 × prix unitaire) -->\n  <div class=\"bundle-card\">\n    <input type=\"radio\" name=\"bundle_option\" value=\"bundle\" checked>\n    <span class=\"qty\">\n      2 Sachets + 1 Offert\n      <span class=\"discount-badge\">Économisez 33&nbsp;%<\/span>\n    <\/span>\n    <span class=\"unit-price\">{{ product.price | times: 2 | money }}<\/span>\n  <\/div>\n\n  <!-- Offre 2 : 1 sachet -->\n  <div class=\"bundle-card\">\n    <input type=\"radio\" name=\"bundle_option\" value=\"single\">\n    <span class=\"qty\">1 Sachet – 50&nbsp;g<\/span>\n    <span class=\"unit-price\">{{ product.price | money }}<\/span>\n  <\/div>\n<\/div>\n\n<script>\n  \/\/ --- Logique sélection quantité ---\n  document.addEventListener('DOMContentLoaded', () => {\n    const qtyField = document.querySelector('input[name=\"quantity\"]');\n    const cards    = document.querySelectorAll('.bundle-card');\n    const radios   = document.querySelectorAll('.bundle-card input[name=\"bundle_option\"]');\n\n    if (!qtyField || !radios.length) return;\n\n    const updateSelection = () => {\n      radios.forEach((radio, idx) => {\n        if (radio.checked) {\n          qtyField.value = (radio.value === 'bundle') ? 3 : 1; \/\/ 2 achetés + 1 offert = 3\n          cards[idx].classList.add('bundle-card-selected');\n        } else {\n          cards[idx].classList.remove('bundle-card-selected');\n        }\n      });\n    };\n\n    cards.forEach((card, idx) => {\n      card.addEventListener('click', () => {\n        radios[idx].checked = true;\n        updateSelection();\n      });\n    });\n\n    updateSelection();\n  });\n<\/script>"}},"variant_picker":{"type":"variant_picker","settings":{"picker_type":"button","swatch_type":"shopify_swatch","swatch_style":"circle","swatch_size":32,"button_style":"normal","size_title":"Size","size_chart_from_page":""}},"buy_buttons":{"type":"buy_buttons","settings":{"show_quantity_selector":false,"show_dynamic_checkout":false,"show_gift_card_recipient":false}},"custom_liquid_kibfYk":{"type":"custom_liquid","settings":{"custom_liquid":"<div class=\"stock-alert green\">\n  <span class=\"pulse-dot\"><\/span>\n  <span class=\"stock-text\" id=\"shipDate\">Prêt à être expédié pour le ...<\/span>\n<\/div>\n\n<style>\n  .stock-alert.green {\n    display: inline-flex;\n    align-items: center;\n    gap: 6px;\n    font-family: Arial, sans-serif;\n    font-size: 16px;\n    color: #000;\n    font-weight: normal;\n    margin-bottom : 14px;\n  }\n\n  .stock-text {\n    display: inline-block;\n    font-weight: normal;\n  }\n\n  \/* rendre la date en gras et soulignée *\/\n  .stock-text b {\n    font-weight: bold;\n    text-decoration: underline;\n  }\n\n  .pulse-dot {\n    width: 10px;\n    height: 10px;\n    border-radius: 50%;\n    background-color: #28A745; \/* Vert *\/\n    position: relative;\n  }\n\n  .pulse-dot::after {\n    content: '';\n    position: absolute;\n    top: 50%;\n    left: 50%;\n    width: 100%;\n    height: 100%;\n    background: #28A745;\n    opacity: 0.6;\n    border-radius: 50%;\n    transform: translate(-50%, -50%);\n    animation: pulse 1.2s infinite ease-out;\n  }\n\n  @keyframes pulse {\n    0% { transform: translate(-50%, -50%) scale(1); opacity: 0.6; }\n    70% { transform: translate(-50%, -50%) scale(2); opacity: 0; }\n    100% { opacity: 0; }\n  }\n<\/style>\n\n<script>\n  document.addEventListener('DOMContentLoaded', function() {\n    var span = document.getElementById('shipDate');\n    if (!span) return;\n    var date = new Date();\n    date.setDate(date.getDate() + 7);\n    var options = { year: 'numeric', month: 'long', day: 'numeric' };\n    var formatted = date.toLocaleDateString('fr-FR', options);\n    span.innerHTML = 'En stock – Prêt à être expédié pour le <b>' + formatted + '<\/b>';\n  });\n<\/script>\n\n<style>\n  \/* Container global *\/\n  .nutrition-details {\n    border: 1px solid #ccc;\n    border-radius: 8px;\n    overflow: hidden;\n    font-family: inherit;\n    width: 100%;\n    box-sizing: border-box;\n  }\n  \/* Résumé cliquable *\/\n  .nutrition-details summary {\n    list-style: none;\n    margin: 0;\n    padding: 0 1rem;\n    display: flex;\n    justify-content: space-between;\n    align-items: center;\n    cursor: pointer;\n    font-size: 16px;\n    color: #2A2552;\n    height: 46px;            \/* hauteur fixe *\/\n  }\n  .nutrition-details summary::-webkit-details-marker {\n    display: none;\n  }\n  \/* Titre + icône *\/\n  .nutrition-details summary .title {\n    display: flex;\n    align-items: center;\n    gap: 0.5rem;\n  }\n  \/* Flèche creuse *\/\n  .nutrition-details summary .arrow svg path {\n    stroke: #2A2552;\n    stroke-width: 2;\n    fill: none;\n  }\n  .nutrition-details summary .arrow {\n    display: flex;\n    align-items: center;\n  }\n  \/* Rotation de la flèche à l’ouverture *\/\n  .nutrition-details[open] summary .arrow svg {\n    transform: rotate(180deg);\n  }\n  \/* Contenu déroulant *\/\n  .nutrition-details .content {\n    padding: 0.75rem 1rem;\n    font-size: 16px;\n    color: #4A4A4A;\n    line-height: 1.4;\n    background: #fff;\n    border-top: 1px solid #ccc;\n  }\n<\/style>\n\n<details class=\"nutrition-details\">\n  <summary>\n    <span class=\"title\">\n      <!-- Icône à gauche -->\n      <svg width=\"19\" height=\"18\" viewBox=\"0 0 19 18\" aria-hidden=\"true\" focusable=\"false\">\n        <path d=\"M18.9798 1.31325C18.9276 0.701687 18.4336 0.1875 17.8125 0.1875H1.1875C0.566437 0.1875 0.0724375 0.701687 0.0201875 1.31325H0V16.8125C0 17.1274 0.125111 17.4295 0.347811 17.6522C0.57051 17.8749 0.872555 18 1.1875 18H17.8125C18.1274 18 18.4295 17.8749 18.6522 17.6522C18.8749 17.4295 19 17.1274 19 16.8125V1.31325H18.9798ZM7.125 7.3125V3.75H11.875V7.3125H7.125ZM11.875 8.5V12.1611H7.125V8.5H11.875ZM5.9375 3.75V7.3125H1.1875V3.75H5.9375ZM1.1875 8.5H5.9375V12.1611H1.1875V8.5ZM1.1875 16.8125V13.25H5.9375V16.8125H1.1875ZM7.125 16.8125V13.25H11.875V16.8125H7.125ZM17.8125 16.8125H13.0625V13.25H17.8125V16.8125ZM17.8125 12.1611H13.0625V8.5H17.8125V12.1611ZM17.8125 7.3125H13.0625V3.75H17.8125V7.3125Z\" fill=\"#2A2552\"\/>\n      <\/svg>\n      <span>Information nutritionnelle<\/span>\n    <\/span>\n    <!-- Flèche creuse à droite -->\n    <span class=\"arrow\">\n      <svg width=\"12\" height=\"8\" viewBox=\"0 0 12 8\" aria-hidden=\"true\">\n        <path d=\"M2,2 L6,6 L10,2\"\/>\n      <\/svg>\n    <\/span>\n  <\/summary>\n\n  <div class=\"content\">\n    {{ product.metafields.custom.ingr_dients_propri_t_s.value }}\n  <\/div>\n<\/details>\n\n<style>\n  \/* Même style que Nutrition Details *\/\n  .preparation-details {\n    border: 1px solid #ccc;\n    border-radius: 8px;\n    overflow: hidden;\n    font-family: inherit;\n    width: 100%;\n    box-sizing: border-box;\n    margin-top: 1rem;\n  }\n  .preparation-details summary {\n    list-style: none;\n    margin: 0;\n    padding: 0 1rem;\n    display: flex;\n    justify-content: space-between;\n    align-items: center;\n    cursor: pointer;\n    font-size: 16px;\n    color: #2A2552;\n    height: 46px;\n  }\n  .preparation-details summary::-webkit-details-marker {\n    display: none;\n  }\n  .preparation-details summary .title {\n    display: flex;\n    align-items: center;\n    gap: 0.5rem;\n  }\n  .preparation-details summary .arrow svg path {\n    stroke: #2A2552;\n    stroke-width: 2;\n    fill: none;\n  }\n  .preparation-details summary .arrow {\n    display: flex;\n    align-items: center;\n  }\n  .preparation-details[open] summary .arrow svg {\n    transform: rotate(180deg);\n  }\n  .preparation-details .content {\n    padding: 0.75rem 1rem;\n    font-size: 16px;\n    color: #4A4A4A;\n    line-height: 1.4;\n    background: #fff;\n    border-top: 1px solid #ccc;\n  }\n<\/style>\n\n<details class=\"preparation-details\">\n  <summary>\n    <span class=\"title\">\n      <!-- Icône agrandie -->\n      <svg width=\"24\" height=\"24\" viewBox=\"0 0 36 43\" aria-hidden=\"true\" focusable=\"false\">\n        <svg width=\"29\" height=\"33\" viewBox=\"0 0 29 33\" fill=\"#2a2552\" xmlns=\"http:\/\/www.w3.org\/2000\/svg\"><path d=\"M23.1842 10.0549H21.2687C22.0176 8.13153 22.8701 5.06178 21.8993 2.71318C21.378 1.45278 20.386 0.556185 19.0293 0.120421C16.7492 -0.61286 14.7717 2.07045 12.5046 6.3246C11.3714 8.45572 9.73574 10.2529 8.58301 11.2255C8.31824 11.4495 8.06963 11.6915 7.839 11.9499C7.42079 11.4707 6.90348 11.0863 6.32215 10.8226C5.74082 10.559 5.10907 10.4223 4.46976 10.4219C3.28449 10.4234 2.14822 10.8908 1.31026 11.7215C0.472294 12.5523 0.00107931 13.6785 0 14.8531V28.5696C0.00129521 29.7441 0.472606 30.8701 1.31054 31.7007C2.14848 32.5312 3.28463 32.9985 4.46976 33C5.89904 33 7.17087 32.329 7.98912 31.2917C9.07609 32.364 10.5475 32.9657 12.0812 32.9652H23.7577C28.0904 32.9652 29 30.4501 29 28.3392V15.8201C29.0008 12.642 26.3911 10.0549 23.1842 10.0549ZM4.47139 30.5746C3.93515 30.5737 3.42113 30.3622 3.04203 29.9864C2.66292 29.6105 2.44968 29.101 2.44903 28.5696V14.8531C2.44946 14.3216 2.66262 13.8119 3.04174 13.4359C3.42087 13.0598 3.93501 12.8482 4.47139 12.8473C5.4324 12.8473 6.23515 13.5159 6.44073 14.4077C6.27431 14.9962 6.23596 15.5104 6.26696 15.8799V27.2025C6.26696 27.7296 6.34528 28.2381 6.47907 28.7232C6.44107 29.2256 6.21323 29.6953 5.84106 30.0385C5.46888 30.3817 4.97977 30.5732 4.47139 30.5746ZM26.5534 28.34C26.5534 29.7677 26.1072 30.5406 23.7585 30.5406H12.0828C11.4001 30.5389 10.7342 30.3315 10.1732 29.946C9.61227 29.5605 9.18286 29.015 8.94197 28.382V14.8531C8.94197 14.7957 8.93544 14.7399 8.93299 14.6834C9.12634 14.2193 9.48284 13.6509 10.1689 13.0737L10.1697 13.0729C11.497 11.954 13.3758 9.89076 14.6705 7.45646C17.2133 2.67922 18.1996 2.44315 18.2747 2.42779C18.9518 2.64607 19.3834 3.02848 19.6338 3.63241C20.4047 5.49754 19.2594 8.88502 18.3033 10.7081L17.3708 12.4803H23.1834C24.0768 12.4816 24.9332 12.8338 25.5649 13.4599C26.1967 14.0859 26.5521 14.9347 26.5534 15.8201V28.34Z\" fill=\"#2a2552\"><\/path><\/svg>\n      <\/svg>\n      <span>Préparation<\/span>\n    <\/span>\n    <span class=\"arrow\">\n      <svg width=\"12\" height=\"8\" viewBox=\"0 0 12 8\" aria-hidden=\"true\">\n        <path d=\"M2,2 L6,6 L10,2\"\/>\n      <\/svg>\n    <\/span>\n  <\/summary>\n\n  <div class=\"content\">\n  1. Verser 250&nbsp;ml d’eau fraîche filtrée dans une carafe ou un bocal.<br>\n  2. Ajouter 2&nbsp;g (≈1&nbsp;c. à café) de feuilles de thé à infuser à froid.<br>\n  3. Remuer doucement, couvrir et placer au réfrigérateur.<br>\n  4. Laisser infuser 6&nbsp;à&nbsp;8&nbsp;heures (idéalement toute une nuit).<br>\n  5. Filtrer les feuilles ou retirer l’infuseur.<br>\n  6. Servir sur glaçons, nature ou légèrement sucré.\n<\/div>\n\n<\/details>"}},"custom_liquid_HccdTz":{"type":"custom_liquid","settings":{"custom_liquid":"<style>\n  .guarantee-block {\n    display: flex;\n    align-items: center;\n    gap: 1rem;\n    font-size: 15px;\n    color: #2A2552;\n    font-family: inherit;\n    margin: 1rem 0;\n  }\n  .guarantee-block svg {\n    flex-shrink: 0;\n    width: 50px;\n    height: 50px;\n  }\n<\/style>\n\n<div class=\"guarantee-block\">\n  <!-- Icône -->\n  <svg class=\"guarantee-i\" xmlns=\"http:\/\/www.w3.org\/2000\/svg\" viewBox=\"0 0 50 50\" fill=\"none\" width=\"50\" height=\"50\" style=\"min-width: 50px;\"><path d=\"M49.8304 24.1256L48.0722 19.7455C48.0403 19.6661 48.0216 19.5821 48.0167 19.4967L47.7499 14.7736C47.7167 14.1618 47.4446 13.5875 46.9921 13.1744L43.5632 10.0306C43.4988 9.97161 43.4446 9.9023 43.403 9.82553L41.1725 5.70831C41.0262 5.43652 40.8275 5.19641 40.5879 5.00185C40.3483 4.80728 40.0725 4.6621 39.7764 4.5747L35.3811 3.26571C35.2959 3.24041 35.2158 3.20078 35.144 3.14852L31.4119 0.446939C31.1571 0.263594 30.8685 0.132711 30.5627 0.0618965C30.2569 -0.00891823 29.9401 -0.0182525 29.6306 0.034436L25.1345 0.812567C25.0453 0.828025 24.9542 0.828025 24.865 0.812567L20.3696 0.0336548C20.0602 -0.0190776 19.7434 -0.00976489 19.4376 0.0610513C19.1318 0.131867 18.8431 0.262774 18.5884 0.446158L14.8567 3.14774C14.7846 3.20004 14.7042 3.23967 14.6188 3.26493L10.2242 4.57431C9.92816 4.66148 9.65229 4.80647 9.41258 5.00091C9.17288 5.19536 8.97411 5.43539 8.82775 5.70713L6.59726 9.82435C6.55567 9.90127 6.50154 9.97071 6.43711 10.0298L3.00817 13.174C2.55576 13.587 2.28363 14.1612 2.25036 14.7728L1.98356 19.4967C1.97872 19.5818 1.95998 19.6656 1.92809 19.7447L0.169871 24.1252C-0.0566235 24.6865 -0.0566235 25.3136 0.169871 25.8749L1.92809 30.255C1.95998 30.3344 1.97871 30.4184 1.98356 30.5038L2.25036 35.2265C2.28357 35.8383 2.5557 36.4126 3.00817 36.8257L6.43711 39.9699C6.5015 40.0289 6.55563 40.0982 6.59726 40.175L8.82775 44.2922C8.97411 44.5639 9.17284 44.8039 9.41246 44.9984C9.65208 45.1929 9.92785 45.3381 10.2239 45.4254L14.6192 46.7352C14.7043 46.7604 14.7845 46.7999 14.8563 46.852L18.5888 49.554C18.8436 49.7372 19.1322 49.8681 19.438 49.9389C19.7438 50.0097 20.0606 50.0191 20.37 49.9665L24.8658 49.1875C24.9549 49.1721 25.0461 49.1721 25.1353 49.1875C25.1353 49.1875 29.626 49.9657 29.6306 49.9665C30.2555 50.0682 30.8954 49.9201 31.4119 49.554L35.1436 46.852C35.2156 46.7997 35.2961 46.7601 35.3815 46.7348L39.776 45.4258C40.0722 45.3386 40.348 45.1935 40.5877 44.999C40.8274 44.8045 41.0262 44.5644 41.1725 44.2926L43.403 40.1754C43.4446 40.0984 43.4987 40.029 43.5632 39.9699L46.9921 36.8261C47.4445 36.4131 47.7166 35.839 47.7499 35.2273L48.0167 30.5034C48.0216 30.4183 48.0403 30.3345 48.0722 30.2554L49.8304 25.8745C50.0568 25.3134 50.0568 24.6863 49.8304 24.1252V24.1256ZM48.3808 25.2932L46.6218 29.6737C46.5268 29.9105 46.4711 30.1612 46.4569 30.4159L46.1901 35.1394C46.1788 35.3441 46.0876 35.5363 45.9362 35.6745L42.5073 38.8187C42.315 38.9949 42.1534 39.2019 42.0292 39.4312L39.7987 43.5488C39.7496 43.64 39.6828 43.7205 39.6024 43.7857C39.5219 43.8508 39.4293 43.8994 39.3299 43.9285L34.9354 45.2375C34.6814 45.3132 34.4421 45.4313 34.2276 45.5867L30.4959 48.2887C30.4101 48.3502 30.3131 48.394 30.2103 48.4177C30.1075 48.4415 30.0011 48.4446 29.8971 48.427L25.4025 47.6489C25.1365 47.6023 24.8646 47.6022 24.5986 47.6485L20.1032 48.427C19.9993 48.4447 19.8929 48.4416 19.7901 48.4179C19.6874 48.3941 19.5904 48.3502 19.5048 48.2887L15.7723 45.5863C15.5578 45.4309 15.3185 45.313 15.0645 45.2375L10.67 43.9285C10.5706 43.8992 10.478 43.8505 10.3976 43.7853C10.3171 43.7201 10.2504 43.6396 10.2012 43.5484L7.97071 39.4312C7.84664 39.2018 7.68518 38.9946 7.49297 38.8183L4.06404 35.6745C3.91258 35.5363 3.82141 35.3441 3.81013 35.1394L3.54372 30.4163C3.52933 30.1613 3.47338 29.9103 3.3781 29.6733L1.61949 25.2932C1.54374 25.1054 1.54374 24.8955 1.61949 24.7077L3.37888 20.3268C3.4739 20.09 3.52958 19.8393 3.54372 19.5846L3.81052 14.8611C3.82188 14.6564 3.91304 14.4642 4.06443 14.326L7.49336 11.1822C7.68574 11.0059 7.84734 10.7988 7.97149 10.5693L10.202 6.45206C10.2511 6.3609 10.3178 6.2804 10.3983 6.21523C10.4788 6.15005 10.5714 6.10149 10.6707 6.07237L15.0653 4.76299C15.3192 4.68744 15.5585 4.5695 15.7731 4.41416L19.5048 1.71218C19.5903 1.65038 19.6874 1.60628 19.7902 1.58246C19.893 1.55865 19.9996 1.55561 20.1036 1.57351L24.5978 2.35203C24.8638 2.39819 25.1357 2.39819 25.4017 2.35203L29.8971 1.57351C30.001 1.55573 30.1075 1.55883 30.2102 1.58264C30.313 1.60645 30.4099 1.65049 30.4955 1.71218L34.2279 4.41455C34.4425 4.56997 34.6818 4.68791 34.9358 4.76338L39.3303 6.07198C39.4297 6.10133 39.5223 6.15006 39.6027 6.21536C39.6832 6.28066 39.7499 6.36124 39.7991 6.45245L42.0296 10.5697C42.1537 10.799 42.3151 11.006 42.5073 11.1822L45.9362 14.3263C46.0877 14.4646 46.1789 14.6567 46.1901 14.8615L46.4566 19.5842C46.4709 19.8392 46.5269 20.0902 46.6222 20.3272L48.3808 24.7077C48.4565 24.8955 48.4565 25.1054 48.3808 25.2932Z\" fill=\"#3D348B\"><\/path><path d=\"M10.3388 14.5795C10.2526 14.5237 10.1564 14.4854 10.0554 14.4669C9.95453 14.4483 9.85095 14.4498 9.75062 14.4713C9.65028 14.4928 9.55516 14.5338 9.47069 14.592C9.38621 14.6503 9.31403 14.7246 9.25828 14.8107C9.18458 14.9245 9.11192 15.0391 9.04031 15.1545C8.98634 15.2417 8.95009 15.3388 8.93362 15.44C8.91716 15.5413 8.9208 15.6448 8.94434 15.7447C8.96788 15.8445 9.01086 15.9388 9.07083 16.022C9.13079 16.1053 9.20657 16.1759 9.29382 16.2299C9.47102 16.3349 9.68202 16.3673 9.88254 16.3201C10.0831 16.2729 10.2575 16.1498 10.3692 15.9767C10.4351 15.8702 10.5019 15.7646 10.5696 15.6599C10.6254 15.5738 10.6637 15.4776 10.6823 15.3767C10.7009 15.2758 10.6994 15.1722 10.678 15.0719C10.6565 14.9716 10.6155 14.8764 10.5573 14.7919C10.4991 14.7074 10.4249 14.6352 10.3388 14.5795ZM8.66296 30.353C8.6239 30.2348 8.5864 30.1162 8.55046 29.9972C8.52185 29.8977 8.47376 29.8049 8.40898 29.7241C8.34419 29.6434 8.26401 29.5763 8.17309 29.5268C8.08216 29.4774 7.98231 29.4464 7.87934 29.4359C7.77636 29.4253 7.67231 29.4353 7.57324 29.4653C7.47416 29.4953 7.38204 29.5447 7.30221 29.6106C7.22239 29.6765 7.15646 29.7576 7.10825 29.8492C7.06005 29.9408 7.03053 30.0411 7.02141 30.1442C7.01229 30.2473 7.02376 30.3512 7.05514 30.4499C7.09472 30.5801 7.13561 30.7098 7.17779 30.839C7.24596 31.0332 7.38648 31.1935 7.57004 31.2866C7.75359 31.3797 7.96601 31.3983 8.16296 31.3386C8.26051 31.3067 8.35084 31.2559 8.42877 31.1892C8.5067 31.1224 8.57071 31.0409 8.61714 30.9494C8.66358 30.8579 8.69152 30.7581 8.69938 30.6558C8.70725 30.5534 8.69487 30.4506 8.66296 30.353ZM12.1853 36.4546C12.1172 36.3769 12.0343 36.3134 11.9416 36.268C11.8488 36.2225 11.7479 36.1958 11.6448 36.1896C11.5416 36.1833 11.4383 36.1976 11.3407 36.2316C11.2431 36.2656 11.1532 36.3186 11.0763 36.3875C10.9993 36.4565 10.9368 36.54 10.8923 36.6333C10.8479 36.7266 10.8224 36.8278 10.8173 36.931C10.8122 37.0342 10.8276 37.1374 10.8627 37.2345C10.8978 37.3317 10.9518 37.421 11.0216 37.4972C11.1119 37.598 11.2033 37.698 11.2958 37.7972C11.4387 37.9461 11.634 38.0334 11.8402 38.0405C12.0465 38.0475 12.2474 37.9739 12.4001 37.8351C12.4751 37.7651 12.5356 37.681 12.5781 37.5876C12.6206 37.4942 12.6443 37.3933 12.6478 37.2908C12.6513 37.1882 12.6346 37.086 12.5986 36.9899C12.5626 36.8938 12.508 36.8058 12.438 36.7308C12.3526 36.6396 12.2683 36.5476 12.1853 36.4546ZM10.0141 33.4234C9.96441 33.3326 9.89716 33.2527 9.81629 33.1882C9.73542 33.1237 9.64255 33.0759 9.54306 33.0476C9.44358 33.0193 9.33945 33.011 9.23674 33.0232C9.13402 33.0354 9.03475 33.0679 8.9447 33.1188C8.85465 33.1697 8.7756 33.238 8.71214 33.3197C8.64868 33.4014 8.60208 33.4949 8.57503 33.5947C8.54798 33.6946 8.54104 33.7988 8.55459 33.9013C8.56814 34.0039 8.60192 34.1027 8.65398 34.1921C8.72038 34.3098 8.78809 34.4269 8.8571 34.5433C8.96607 34.7178 9.13808 34.8436 9.3374 34.8946C9.53673 34.9456 9.74803 34.9179 9.92742 34.8171C10.1057 34.7115 10.2346 34.5394 10.286 34.3387C10.3373 34.1379 10.3069 33.925 10.2013 33.7468C10.138 33.6398 10.0756 33.5319 10.0141 33.4234ZM15.0122 9.12864C14.8971 9.20129 14.7829 9.27512 14.6696 9.35012C14.5841 9.40675 14.5105 9.47967 14.4531 9.56474C14.3957 9.64981 14.3556 9.74534 14.3352 9.84589C14.3147 9.94645 14.3143 10.05 14.3339 10.1508C14.3534 10.2515 14.3927 10.3474 14.4493 10.4329C14.5656 10.6033 14.7438 10.7216 14.9459 10.7627C15.148 10.8037 15.3582 10.7643 15.5318 10.6529C15.6351 10.5846 15.7393 10.5174 15.8443 10.4513C16.0197 10.341 16.144 10.1655 16.1901 9.96343C16.2361 9.76139 16.1999 9.54935 16.0896 9.37395C15.9792 9.19855 15.8038 9.07417 15.6017 9.02817C15.3997 8.98216 15.1876 9.0183 15.0122 9.12864ZM15.263 39.166C15.1601 39.0951 15.0578 39.023 14.956 38.9496C14.7876 38.832 14.5797 38.7854 14.3772 38.82C14.1748 38.8546 13.9941 38.9674 13.8743 39.1342C13.7544 39.301 13.7051 39.5082 13.7369 39.7111C13.7687 39.914 13.8791 40.0962 14.0443 40.2183C14.1541 40.2975 14.2648 40.3756 14.3763 40.4527C14.5477 40.5678 14.7573 40.6113 14.9604 40.5739C15.1634 40.5365 15.3438 40.4213 15.463 40.2527C15.5212 40.1682 15.5623 40.0731 15.5837 39.9727C15.6052 39.8724 15.6067 39.7688 15.5881 39.6679C15.5695 39.567 15.5313 39.4707 15.4755 39.3846C15.4197 39.2985 15.3475 39.2242 15.263 39.166ZM11.827 11.6572C11.7304 11.7527 11.6349 11.8492 11.5403 11.9466C11.3961 12.0954 11.3169 12.2954 11.3201 12.5025C11.3234 12.7097 11.4087 12.9071 11.5575 13.0513C11.7081 13.1918 11.9073 13.2686 12.1132 13.2654C12.3192 13.2623 12.5159 13.1796 12.6622 13.0345C12.7487 12.9449 12.8362 12.8564 12.9247 12.7689C13.0683 12.6225 13.1485 12.4256 13.1481 12.2206C13.1478 12.0156 13.0669 11.8189 12.9228 11.673C12.7788 11.5271 12.5832 11.4437 12.3782 11.4407C12.1732 11.4378 11.9752 11.5155 11.827 11.6572ZM29.8459 8.5048C29.9652 8.5397 30.0837 8.57577 30.2014 8.61301C30.3976 8.67172 30.6089 8.65108 30.79 8.55553C30.9711 8.45998 31.1074 8.29716 31.1697 8.1021C31.232 7.90704 31.2151 7.69534 31.1229 7.51255C31.0306 7.32976 30.8703 7.19049 30.6764 7.12471C30.5465 7.08305 30.416 7.0432 30.285 7.00518C30.1865 6.97635 30.0834 6.9672 29.9814 6.97825C29.8793 6.98929 29.7805 7.02032 29.6905 7.06956C29.6005 7.1188 29.5211 7.18529 29.4567 7.26523C29.3924 7.34517 29.3445 7.43699 29.3157 7.53546C29.2868 7.63393 29.2777 7.73711 29.2887 7.83911C29.2998 7.94111 29.3308 8.03994 29.38 8.12995C29.4293 8.21997 29.4958 8.2994 29.5757 8.36371C29.6556 8.42803 29.7475 8.47597 29.8459 8.5048ZM22.3338 8.00871C22.4972 7.99899 22.6599 7.97903 22.8209 7.94894C22.9227 7.93586 23.0209 7.90286 23.1099 7.85183C23.1989 7.80079 23.277 7.73273 23.3397 7.65151C23.4024 7.57029 23.4485 7.47752 23.4754 7.37849C23.5023 7.27945 23.5094 7.1761 23.4963 7.07432C23.4832 6.97255 23.4502 6.87435 23.3992 6.78532C23.3481 6.6963 23.2801 6.6182 23.1988 6.55549C23.1176 6.49277 23.0249 6.44666 22.9258 6.4198C22.8268 6.39294 22.7234 6.38585 22.6217 6.39893C22.4873 6.41638 22.3534 6.43487 22.2201 6.4544C22.0242 6.4823 21.8461 6.58353 21.7219 6.73764C21.5978 6.89174 21.5367 7.08723 21.5511 7.28462C21.5655 7.48201 21.6542 7.66658 21.7994 7.80106C21.9446 7.93553 22.1359 8.00949 22.3338 8.00871ZM26.1764 7.85206C26.3006 7.8604 26.4246 7.87003 26.5483 7.88097C26.7546 7.89951 26.9599 7.83532 27.119 7.7025C27.278 7.56969 27.3778 7.37913 27.3963 7.17276C27.4149 6.96639 27.3507 6.7611 27.2178 6.60206C27.085 6.44302 26.8945 6.34325 26.6881 6.32471C26.5527 6.31273 26.4173 6.30205 26.2818 6.29268C26.0751 6.27869 25.8712 6.34742 25.7151 6.48375C25.559 6.62009 25.4634 6.81285 25.4494 7.01963C25.4354 7.22642 25.5042 7.4303 25.6405 7.58641C25.7768 7.74252 25.9696 7.83808 26.1764 7.85206ZM18.5451 40.9351C18.4294 40.8885 18.3145 40.8405 18.2001 40.791C18.0099 40.7089 17.7948 40.7057 17.6022 40.7822C17.4096 40.8587 17.2553 41.0085 17.1732 41.1988C17.0911 41.3891 17.0879 41.6041 17.1644 41.7967C17.2409 41.9893 17.3907 42.1437 17.581 42.2258C17.7063 42.2799 17.8322 42.3327 17.9587 42.384C18.1511 42.4593 18.3653 42.4564 18.5555 42.3758C18.7457 42.2952 18.8967 42.1433 18.9763 41.9527C19.0149 41.8576 19.0343 41.7558 19.0334 41.6532C19.0326 41.5505 19.0116 41.4491 18.9715 41.3546C18.9315 41.2601 18.8732 41.1744 18.8 41.1024C18.7269 41.0304 18.6402 40.9736 18.5451 40.9351ZM7.19576 27.5581C7.40127 27.5367 7.59009 27.4352 7.72128 27.2756C7.85246 27.116 7.91544 26.9111 7.89655 26.7053C7.88431 26.5822 7.8735 26.4586 7.86413 26.3346C7.85643 26.2323 7.82866 26.1325 7.7824 26.0409C7.73613 25.9494 7.67229 25.8678 7.5945 25.8009C7.51671 25.734 7.42651 25.683 7.32904 25.651C7.23157 25.6189 7.12874 25.6064 7.02642 25.6141C6.92411 25.6218 6.82431 25.6496 6.73273 25.6958C6.64115 25.7421 6.55958 25.806 6.49267 25.8837C6.42577 25.9615 6.37484 26.0517 6.34279 26.1492C6.31075 26.2467 6.29822 26.3495 6.30591 26.4518C6.31633 26.5875 6.32818 26.7232 6.34146 26.8588C6.36695 27.0627 6.46985 27.249 6.62886 27.3792C6.78788 27.5093 6.99084 27.5734 7.19576 27.5581ZM18.5654 8.99934C18.7843 8.97444 18.9975 8.91277 19.1959 8.81691C19.2924 8.78221 19.3812 8.72883 19.4571 8.65981C19.5331 8.59079 19.5947 8.5075 19.6384 8.41467C19.6822 8.32185 19.7072 8.22132 19.7121 8.11882C19.717 8.01632 19.7017 7.91387 19.667 7.8173C19.6322 7.72073 19.5789 7.63194 19.5098 7.556C19.4408 7.48007 19.3575 7.41847 19.2647 7.37472C19.1719 7.33098 19.0714 7.30594 18.9689 7.30105C18.8664 7.29615 18.7639 7.3115 18.6673 7.3462C18.5397 7.39229 18.4126 7.43956 18.2861 7.488C18.1155 7.55324 17.9732 7.67615 17.8839 7.83539C17.7945 7.99463 17.7638 8.18014 17.797 8.3597C17.8302 8.53926 17.9252 8.70151 18.0656 8.81829C18.2059 8.93507 18.3828 8.99938 18.5654 8.99934ZM7.06373 23.6604C7.26909 23.6825 7.47493 23.6232 7.63707 23.4953C7.79921 23.3673 7.90471 23.1809 7.93092 22.976C7.94551 22.8518 7.96139 22.7281 7.97858 22.6049C8.00717 22.3997 7.95307 22.1915 7.82817 22.0261C7.70326 21.8608 7.51779 21.7519 7.31256 21.7233C7.21094 21.7091 7.10752 21.7151 7.00822 21.7409C6.90892 21.7667 6.81567 21.8118 6.7338 21.8737C6.56846 21.9986 6.45951 22.1841 6.43091 22.3893C6.41242 22.5237 6.39523 22.6583 6.37935 22.7932C6.35513 22.9989 6.41363 23.2059 6.54197 23.3685C6.67031 23.5311 6.85799 23.6361 7.06373 23.6604ZM7.77038 19.8232C7.966 19.8894 8.17976 19.8762 8.36577 19.7865C8.55177 19.6968 8.69522 19.5378 8.7653 19.3436C8.80671 19.2256 8.84916 19.1081 8.89265 18.9912C8.92991 18.8949 8.94769 18.7921 8.94495 18.6888C8.94222 18.5855 8.91904 18.4838 8.87674 18.3896C8.83444 18.2953 8.77386 18.2104 8.69852 18.1397C8.62318 18.069 8.53457 18.014 8.43782 17.9778C8.34106 17.9415 8.23809 17.9249 8.13485 17.9287C8.03162 17.9326 7.93017 17.9569 7.83638 18.0002C7.74259 18.0435 7.65833 18.105 7.58846 18.1811C7.5186 18.2572 7.46452 18.3464 7.42936 18.4436C7.38144 18.5712 7.33509 18.6993 7.29029 18.8279C7.25644 18.9248 7.24201 19.0274 7.24782 19.1299C7.25363 19.2323 7.27957 19.3326 7.32415 19.425C7.36873 19.5175 7.43108 19.6002 7.50765 19.6685C7.58421 19.7369 7.67349 19.7894 7.77038 19.8232ZM37.369 10.9083C37.2128 10.7764 37.011 10.7111 36.8071 10.7263C36.6031 10.7415 36.4133 10.836 36.2783 10.9896C36.1433 11.1432 36.0739 11.3437 36.085 11.5479C36.0962 11.752 36.1869 11.9437 36.3378 12.0818C36.4315 12.1643 36.5244 12.2477 36.6163 12.3318C36.7701 12.4696 36.9717 12.5417 37.178 12.5328C37.3844 12.5238 37.579 12.4344 37.7202 12.2837C37.7896 12.2081 37.8433 12.1196 37.8784 12.0231C37.9135 11.9267 37.9293 11.8243 37.9248 11.7218C37.9204 11.6193 37.8958 11.5187 37.8524 11.4257C37.8091 11.3327 37.7478 11.2491 37.6722 11.1798C37.5722 11.0882 37.4711 10.9977 37.369 10.9083ZM39.7585 35.2827C39.677 35.2204 39.584 35.1747 39.4848 35.1483C39.3856 35.1219 39.2822 35.1153 39.1805 35.1289C39.0788 35.1425 38.9807 35.176 38.8919 35.2276C38.8032 35.2791 38.7254 35.3476 38.6632 35.4292C38.5877 35.5282 38.5108 35.6264 38.4327 35.7238C38.3035 35.8856 38.2438 36.0921 38.2668 36.298C38.2898 36.5038 38.3936 36.6921 38.5554 36.8214C38.7183 36.948 38.9242 37.006 39.1292 36.9831C39.3343 36.9603 39.5223 36.8584 39.6534 36.6992C39.7383 36.5932 39.8221 36.4861 39.9046 36.3781C39.9669 36.2966 40.0126 36.2036 40.039 36.1044C40.0654 36.0052 40.072 35.9018 40.0585 35.8001C40.0449 35.6984 40.0114 35.6004 39.9599 35.5116C39.9085 35.4228 39.84 35.3451 39.7585 35.2827ZM40.3546 14.2361C40.2765 14.1252 40.1972 14.015 40.1167 13.9056C40.0569 13.8204 39.9808 13.748 39.8926 13.6926C39.8045 13.6373 39.7061 13.6001 39.6034 13.5832C39.5007 13.5664 39.3956 13.5703 39.2944 13.5946C39.1932 13.619 39.0979 13.6633 39.0141 13.725C38.9302 13.7866 38.8596 13.8645 38.8062 13.9538C38.7529 14.0432 38.7179 14.1424 38.7034 14.2454C38.6889 14.3485 38.6952 14.4535 38.7218 14.5541C38.7485 14.6547 38.7949 14.749 38.8585 14.8314C38.9322 14.9317 39.0047 15.0327 39.0761 15.1345C39.1971 15.3016 39.3785 15.4149 39.5816 15.4504C39.7848 15.4859 39.9939 15.4408 40.1644 15.3248C40.2484 15.2658 40.3199 15.1909 40.3749 15.1042C40.43 15.0176 40.4674 14.921 40.4851 14.8199C40.5027 14.7188 40.5003 14.6152 40.4779 14.515C40.4555 14.4148 40.4136 14.3201 40.3546 14.2361ZM36.0921 38.1308C35.997 38.2108 35.9012 38.2899 35.8046 38.3683C35.7247 38.4328 35.6583 38.5123 35.6092 38.6024C35.5601 38.6925 35.5292 38.7914 35.5183 38.8935C35.5075 38.9955 35.5168 39.0987 35.5458 39.1971C35.5748 39.2955 35.6229 39.3873 35.6874 39.4671C35.8195 39.6255 36.0081 39.7262 36.2132 39.7479C36.4183 39.7697 36.6238 39.7107 36.7862 39.5836C36.892 39.4981 36.9966 39.4117 37.1003 39.3242C37.2547 39.1894 37.3499 38.9993 37.3654 38.795C37.381 38.5906 37.3156 38.3883 37.1834 38.2317C37.0512 38.0751 36.8627 37.9768 36.6587 37.9578C36.4546 37.9389 36.2509 38.0012 36.0921 38.1308ZM41.632 31.8593C41.539 31.8159 41.4383 31.7913 41.3358 31.7869C41.2332 31.7824 41.1308 31.7983 41.0344 31.8335C40.938 31.8687 40.8495 31.9225 40.7739 31.992C40.6984 32.0614 40.6372 32.1451 40.5941 32.2382C40.5412 32.3515 40.4873 32.4641 40.4323 32.5761C40.3865 32.6682 40.3593 32.7685 40.3523 32.8711C40.3453 32.9738 40.3587 33.0768 40.3916 33.1743C40.4246 33.2717 40.4764 33.3617 40.5443 33.4391C40.6121 33.5165 40.6945 33.5797 40.7868 33.6251C40.8792 33.6706 40.9796 33.6973 41.0822 33.7038C41.1849 33.7104 41.2879 33.6965 41.3852 33.6632C41.4825 33.6298 41.5723 33.5775 41.6494 33.5093C41.7265 33.4412 41.7893 33.3585 41.8343 33.2659C41.8942 33.1435 41.9529 33.0207 42.0105 32.8976C42.0538 32.8045 42.0784 32.7038 42.0828 32.6013C42.0872 32.4987 42.0714 32.3963 42.0362 32.2999C42.001 32.2035 41.9471 32.1149 41.8777 32.0393C41.8083 31.9637 41.725 31.9025 41.632 31.8593ZM42.7175 28.112C42.6173 28.0898 42.5137 28.0876 42.4126 28.1055C42.3115 28.1234 42.215 28.1611 42.1285 28.2164C42.042 28.2717 41.9673 28.3436 41.9087 28.4278C41.85 28.512 41.8085 28.607 41.7867 28.7073C41.7598 28.8294 41.7317 28.9511 41.7023 29.0721C41.6782 29.1719 41.6739 29.2754 41.6898 29.3767C41.7057 29.4781 41.7414 29.5753 41.7949 29.6629C41.8483 29.7504 41.9185 29.8266 42.0014 29.8871C42.0843 29.9475 42.1783 29.991 42.2781 30.0151C42.3778 30.0392 42.4813 30.0435 42.5826 30.0276C42.684 30.0117 42.7812 29.976 42.8688 29.9225C42.9564 29.8691 43.0325 29.7989 43.093 29.716C43.1534 29.6331 43.1969 29.5391 43.221 29.4393C43.2528 29.3078 43.2833 29.1757 43.3124 29.0428C43.357 28.8405 43.3193 28.6288 43.2077 28.4542C43.0962 28.2797 42.9198 28.1566 42.7175 28.112ZM40.8734 18.3971C40.955 18.5866 41.1073 18.7369 41.2981 18.8158C41.4888 18.8946 41.7028 18.8959 41.8945 18.8193C42.0858 18.7399 42.2378 18.5876 42.3169 18.3962C42.396 18.2047 42.3958 17.9896 42.3163 17.7982C42.2643 17.6725 42.2107 17.5476 42.1558 17.4236C42.0704 17.2365 41.9147 17.0906 41.7223 17.0175C41.53 16.9445 41.3167 16.9503 41.1286 17.0336C40.9405 17.1169 40.7929 17.2711 40.7178 17.4626C40.6426 17.654 40.646 17.8674 40.7273 18.0564C40.7773 18.1695 40.826 18.283 40.8734 18.3971ZM34.396 8.77043C34.2785 8.7022 34.16 8.63514 34.0405 8.56926C33.859 8.46928 33.6452 8.44551 33.4462 8.50316C33.2471 8.56081 33.0791 8.69517 32.9792 8.87668C32.8792 9.05819 32.8554 9.27198 32.9131 9.47102C32.9707 9.67006 33.1051 9.83804 33.2866 9.93802C33.396 9.99791 33.5044 10.0592 33.612 10.122C33.7917 10.2237 34.0041 10.251 34.2036 10.198C34.4032 10.145 34.5741 10.0159 34.6796 9.83841C34.7311 9.74966 34.7646 9.65164 34.7782 9.54994C34.7919 9.44824 34.7853 9.34485 34.759 9.24567C34.7327 9.1465 34.687 9.05348 34.6248 8.97194C34.5625 8.8904 34.4847 8.82192 34.396 8.77043ZM25.8545 42.1676C25.7303 42.1735 25.6055 42.1784 25.4803 42.182C25.2731 42.1849 25.0755 42.2699 24.931 42.4184C24.7865 42.567 24.7069 42.7668 24.7098 42.974C24.7126 43.1812 24.7977 43.3788 24.9462 43.5233C25.0947 43.6678 25.2946 43.7474 25.5018 43.7445L25.5236 43.7437C25.6598 43.7401 25.7954 43.7349 25.9303 43.7281C26.1355 43.7157 26.3275 43.6228 26.4647 43.4698C26.6019 43.3167 26.6733 43.1157 26.6633 42.9104C26.6533 42.7051 26.5628 42.512 26.4114 42.3729C26.26 42.2338 26.0599 42.1601 25.8545 42.1676ZM29.5366 41.5836C29.4162 41.6161 29.2954 41.6476 29.1741 41.6781C28.9731 41.7284 28.8003 41.8564 28.6937 42.034C28.5871 42.2117 28.5555 42.4244 28.6057 42.6254C28.6595 42.8242 28.7881 42.9945 28.9648 43.1006C29.1414 43.2066 29.3522 43.2401 29.553 43.1941C29.685 43.1611 29.8162 43.1268 29.9467 43.0914C30.1467 43.037 30.3168 42.9054 30.4197 42.7256C30.5227 42.5457 30.5499 42.3324 30.4956 42.1324C30.4412 41.9324 30.3096 41.7623 30.1297 41.6594C29.9499 41.5564 29.7365 41.5292 29.5366 41.5836ZM41.8531 21.608C41.8773 21.7296 41.9002 21.8516 41.9218 21.974C41.9614 22.1763 42.0779 22.3552 42.2468 22.4733C42.4157 22.5914 42.6238 22.6394 42.8273 22.6073C43.0312 22.5711 43.2124 22.4554 43.331 22.2857C43.4497 22.116 43.4961 21.9061 43.4601 21.7022C43.4367 21.5678 43.4115 21.4339 43.3847 21.3006C43.3645 21.2 43.3247 21.1044 43.2676 21.0192C43.2104 20.9339 43.1371 20.8608 43.0517 20.804C42.9663 20.7471 42.8705 20.7076 42.7698 20.6878C42.6692 20.6679 42.5656 20.6681 42.465 20.6883C42.3644 20.7085 42.2687 20.7483 42.1835 20.8054C42.0983 20.8626 42.0252 20.9359 41.9683 21.0213C41.9115 21.1068 41.872 21.2025 41.8522 21.3032C41.8323 21.4038 41.8329 21.5074 41.8531 21.608ZM22.131 41.95C22.0084 41.9297 21.886 41.9078 21.7638 41.8843C21.5608 41.8467 21.3512 41.891 21.1807 42.0075C21.0102 42.124 20.8928 42.3032 20.8541 42.506C20.8154 42.7089 20.8585 42.9187 20.9741 43.0898C21.0897 43.2609 21.2683 43.3793 21.4709 43.4191C21.6045 43.4446 21.7383 43.4687 21.8724 43.4914C22.0766 43.5232 22.285 43.4739 22.4532 43.3539C22.6214 43.234 22.736 43.0529 22.7724 42.8496C22.8067 42.6452 22.7583 42.4357 22.6381 42.2669C22.5178 42.0982 22.3354 41.9842 22.131 41.95ZM33.0022 40.2164C32.8921 40.2739 32.7814 40.3306 32.6702 40.3863C32.4849 40.4788 32.3439 40.6412 32.2783 40.8377C32.2126 41.0341 32.2277 41.2486 32.3202 41.434C32.4157 41.6165 32.5782 41.755 32.7736 41.8203C32.969 41.8857 33.1821 41.8728 33.3682 41.7844C33.4893 41.7239 33.6098 41.6621 33.7296 41.5988C33.9129 41.5023 34.0505 41.3369 34.1119 41.139C34.1733 40.9411 34.1536 40.7269 34.0571 40.5435C33.9606 40.3601 33.7952 40.2226 33.5973 40.1612C33.3994 40.0998 33.1856 40.1199 33.0022 40.2164ZM42.9683 24.219C42.7611 24.219 42.5624 24.3013 42.4159 24.4478C42.2694 24.5943 42.187 24.793 42.187 25.0002C42.187 25.1252 42.1857 25.2497 42.1831 25.3737C42.1785 25.5808 42.2564 25.7813 42.3996 25.9311C42.5428 26.0808 42.7397 26.1675 42.9468 26.1721H42.9644C43.1685 26.172 43.3645 26.0919 43.5103 25.9491C43.6562 25.8063 43.7404 25.6121 43.7449 25.4081C43.748 25.2724 43.7494 25.1364 43.7492 25.0002C43.7492 24.793 43.6669 24.5943 43.5203 24.4478C43.3738 24.3013 43.1755 24.219 42.9683 24.219ZM33.4026 19.4104C33.3354 19.3328 33.2536 19.2692 33.1618 19.2233C33.07 19.1774 32.9701 19.15 32.8677 19.1427C32.7653 19.1354 32.6625 19.1484 32.5652 19.1808C32.4678 19.2133 32.3778 19.2646 32.3003 19.3318L21.181 28.969L17.7853 24.9389C17.7196 24.8593 17.6387 24.7935 17.5474 24.7453C17.4561 24.6971 17.3561 24.6675 17.2533 24.6582C17.1504 24.6489 17.0468 24.6601 16.9483 24.6911C16.8498 24.722 16.7584 24.7723 16.6795 24.8388C16.6005 24.9053 16.5355 24.9868 16.4882 25.0786C16.441 25.1704 16.4124 25.2707 16.4041 25.3736C16.3958 25.4765 16.408 25.58 16.44 25.6782C16.4719 25.7764 16.5231 25.8673 16.5904 25.9456C16.5904 25.9456 20.492 30.5765 20.4966 30.5823C20.6338 30.7385 20.8265 30.835 21.0337 30.8512C21.2409 30.8674 21.4463 30.802 21.606 30.669L33.3241 20.5127C33.4017 20.4455 33.4653 20.3637 33.5112 20.2719C33.5572 20.1802 33.5846 20.0802 33.5919 19.9779C33.5993 19.8755 33.5863 19.7727 33.5539 19.6753C33.5215 19.5779 33.4698 19.4879 33.4026 19.4104Z\" fill=\"#3D348B\"><\/path><\/svg>\n\n  <!-- Texte -->\n  <span>\n    <strong>Essayez-le sans risque pendant 30 jours.<\/strong>\n    Si vous n'êtes pas satisfait du produit, nous vous rembourserons à 100 %.*\n  <\/span>\n<\/div>"}},"pickup_availability":{"type":"pickup_availability","settings":{}}},"block_order":["custom_liquid_8mayTC","description","custom_liquid_4BHMaE","custom_liquid_TGkP4h","variant_picker","buy_buttons","custom_liquid_kibfYk","custom_liquid_HccdTz","pickup_availability"],"custom_css":["@media (min-width: 1280px) {.product {padding-inline: 5rem; }}",".btn__text {font-size: 18px !important;}"],"settings":{"color_scheme":"scheme-1","use_color_scheme_in_container":false,"enable_sticky_info":false,"media_size":"medium","gallery_layout":"columns","mobile_thumbnails":"show","show_image_border":false,"enable_image_zoom":false,"enable_video_looping":false,"padding_top":0,"padding_bottom":60}},"multicolumn_T3qdNY":{"type":"multicolumn","blocks":{"column_M9r9TM":{"type":"column","settings":{"image":"shopify:\/\/shop_images\/Capture_d_ecran_2025-07-25_a_14.30.02.png","title":"<strong>Chauffer l’eau<\/strong>","highlight_style":"none","highlight_font_style":"italic","highlight_style_color":"","highlight_text_color":"","heading_size":"h4","text":"<p>Faites monter votre eau à 80 °C pour préserver les arômes délicats du matcha.<\/p>","text_size":"text-base","button_label":"","button_link":"","button_style":"btn--underline","button_icon":"none"}},"column_zRcDgY":{"type":"column","settings":{"image":"shopify:\/\/shop_images\/Capture_d_ecran_2025-07-25_a_14.30.16.png","title":"<strong>Tamiser la poudre<\/strong>","highlight_style":"none","highlight_font_style":"italic","highlight_style_color":"","highlight_text_color":"","heading_size":"h4","text":"<p>Passez 1 cuillère à café de matcha au tamis pour éviter les grumeaux et obtenir une texture onctueuse.<\/p>","text_size":"text-base","button_label":"","button_link":"","button_style":"btn--underline","button_icon":"none"}},"column_9EKQhM":{"type":"column","settings":{"image":"shopify:\/\/shop_images\/Capture_d_ecran_2025-07-25_a_14.30.24.png","title":"<strong>Fouetter<\/strong>","highlight_style":"none","highlight_font_style":"italic","highlight_style_color":"","highlight_text_color":"","heading_size":"h4","text":"<p>Versez 100 ml d’eau chaude et fouettez en « M » pendant 15 s jusqu’à ce qu’une mousse fine se forme à la surface.<\/p>","text_size":"text-base","button_label":"","button_link":"","button_style":"btn--underline","button_icon":"none"}},"column_e3ykUx":{"type":"column","settings":{"image":"shopify:\/\/shop_images\/Capture_d_ecran_2025-07-25_a_14.30.33.png","title":"<strong>Et c'est prêt !<\/strong>","highlight_style":"none","highlight_font_style":"italic","highlight_style_color":"","highlight_text_color":"","heading_size":"h4","text":"<p>Savourez immédiatement votre matcha, pur ou agrémenté d’un soupçon de lait végétal selon vos envies.<\/p>","text_size":"text-base","button_label":"","button_link":"","button_style":"btn--underline","button_icon":"none"}}},"block_order":["column_M9r9TM","column_zRcDgY","column_9EKQhM","column_e3ykUx"],"settings":{"container":"fixed","color_scheme":"","section_header_alignment":"center","section_header_alignment_mobile":"inherit","subheading":"","heading":"<strong>Facile à préparer. Rapide à déguster.<\/strong>","highlight_style":"none","highlight_font_style":"italic","highlight_style_color":"","highlight_text_color":"","heading_size":"h1","description":"<p>(Trop rapide à déguster)<\/p>","text_size":"text-base","button_label":"","button_link":"","button_style":"btn--underline","button_icon":"none","content_alignment":"left","show_col_count":true,"show_image":true,"columns_desktop":4,"column_gap":"medium","row_gap":"inherit","columns_mobile":"2","swipe_on_mobile":true,"show_section_divider":false,"divider_width":"full","padding_top":30,"padding_bottom":0}},"buttons_with_icon_aPzKFr":{"type":"buttons-with-icon","blocks":{"button_item_TPfgRM":{"type":"button_item","settings":{"button_label":"Nos meilleurs deals","button_link":"shopify:\/\/collections\/nos-packs","icon":"alarm"}},"button_item_EbPLWc":{"type":"button_item","settings":{"button_label":"Nos matchas","button_link":"shopify:\/\/products\/pure-matcha","icon":"check"}},"button_item_rgQrzP":{"type":"button_item","settings":{"button_label":"Nos Ubés","button_link":"shopify:\/\/products\/pure-ube","icon":"check"}},"button_item_EwFUEX":{"type":"button_item","settings":{"button_label":"Nos thés","button_link":"shopify:\/\/collections\/thes-infusions","icon":"check"}},"button_item_kEmwwU":{"type":"button_item","settings":{"button_label":"Nos Thés Glacées","button_link":"shopify:\/\/collections\/thes-glaces","icon":"check"}}},"block_order":["button_item_TPfgRM","button_item_EbPLWc","button_item_rgQrzP","button_item_EwFUEX","button_item_kEmwwU"],"settings":{"container":"fixed","color_scheme":"","section_header_alignment":"center","section_header_alignment_mobile":"inherit","subheading":"","heading":"<strong>Offrez-vous le temps de <\/strong><em><strong>découvrir<\/strong><\/em><strong> notre sélection.<\/strong>","highlight_style":"wave_underline","highlight_font_style":"italic","highlight_style_color":"#2a2552","highlight_text_color":"","heading_size":"h1","item_alignment":"center","item_button_style":"btn--icon","item_button_font":"button","enable_slider":false,"swipe_on_mobile":true,"show_section_divider":false,"divider_width":"fixed","padding_top":60,"padding_bottom":0}},"custom_content_7wN3Hy":{"type":"custom-content","blocks":{"image_card_with_product_wCVUBx":{"type":"image_card_with_product","settings":{"color_scheme":"scheme-inverse","image":"shopify:\/\/shop_images\/PREPAREZ-VOUSAETRESURPRISlaBoxMensuellePureTheestla4thesouinfusionsenvracUneboxdifferentechaquemoisFruitee_florale_epiceeoufraiche100_naturel_sansaromes_3.png","image_ratio":"3\/4","subheading":"","heading":"","highlight_style":"none","highlight_font_style":"italic","highlight_style_color":"","highlight_text_color":"","heading_size":"h4","description":"","button_label":"","button_style":"btn--primary","button_icon":"none","product":"packminceur","width":"20%","alignment":"center","block_custom_class":""}},"image_card_with_product_hUdjD6":{"type":"image_card_with_product","settings":{"color_scheme":"scheme-inverse","image":"shopify:\/\/shop_images\/ChatGPT_Image_26_juin_2025_15_31_28.png","image_ratio":"3\/4","subheading":"","heading":"","highlight_style":"none","highlight_font_style":"italic","highlight_style_color":"","highlight_text_color":"","heading_size":"h4","description":"","button_label":"","button_style":"btn--primary","button_icon":"none","product":"matcha-ceremonie-framboise","width":"20%","alignment":"center","block_custom_class":""}},"image_card_with_product_3WqDG6":{"type":"image_card_with_product","settings":{"color_scheme":"scheme-inverse","image":"shopify:\/\/shop_images\/3_331df8de-9472-4c59-b14f-d33203629629.png","image_ratio":"3\/4","subheading":"","heading":"","highlight_style":"none","highlight_font_style":"italic","highlight_style_color":"","highlight_text_color":"","heading_size":"h4","description":"","button_label":"","button_style":"btn--primary","button_icon":"none","product":"pure-ube","width":"20%","alignment":"center","block_custom_class":""}},"image_card_with_product_HiWLeU":{"type":"image_card_with_product","settings":{"color_scheme":"scheme-inverse","image":"shopify:\/\/shop_images\/PREPAREZ-VOUS_A_ETRE_SURPRIS_la_Box_Mensuelle_PureThe_est_la_4_thes_ou_infusions_en_vrac_Une_box_differente_chaque_mois_Fruitee_florale_epicee_ou_fraiche_100_naturel_sans_aromes_1.png","image_ratio":"3\/4","subheading":"","heading":"","highlight_style":"none","highlight_font_style":"italic","highlight_style_color":"","highlight_text_color":"","heading_size":"h4","description":"","button_label":"","button_style":"btn--primary","button_icon":"none","product":"pack-sante","width":"20%","alignment":"center","block_custom_class":""}},"image_card_with_product_tai9Uq":{"type":"image_card_with_product","settings":{"color_scheme":"scheme-inverse","image":"shopify:\/\/shop_images\/PREPAREZ-VOUSAETRESURPRISlaBoxMensuellePureTheestla4thesouinfusionsenvracUneboxdifferentechaquemoisFruitee_florale_epiceeoufraiche100_naturel_sansaromes_3.png","image_ratio":"3\/4","subheading":"","heading":"","highlight_style":"none","highlight_font_style":"italic","highlight_style_color":"","highlight_text_color":"","heading_size":"h1","description":"","button_label":"","button_style":"btn--secondary","button_icon":"none","product":"matedetox","width":"20%","alignment":"center","block_custom_class":""}}},"block_order":["image_card_with_product_wCVUBx","image_card_with_product_hUdjD6","image_card_with_product_3WqDG6","image_card_with_product_HiWLeU","image_card_with_product_tai9Uq"],"settings":{"container":"fixed","color_scheme":"","enable_sticky_column":false,"section_header_alignment":"left","section_header_alignment_mobile":"inherit","subheading":"","heading":"","highlight_style":"none","highlight_font_style":"italic","highlight_style_color":"","highlight_text_color":"","heading_size":"h1","description":"","text_size":"text-base","column_gap":"2xs","row_gap":"inherit","swipe_on_mobile":true,"columns_mobile":"1","padding_top":40,"padding_bottom":0,"show_section_divider":false,"divider_width":"fixed"}},"custom_liquid_gWT3g6":{"type":"custom-liquid","name":"t:sections.custom-liquid.name","settings":{"custom_liquid":"<div style=\"\n  background-color: #2A2552;\n  color: #fff;\n  padding: 2rem;\n  margin: 1rem auto;\n  width: calc(100% - 2rem);      \/* espace latéral de 1rem de chaque côté *\/\n  max-width: 1340px;\n  border: 2px solid #fff;\n  border-radius: 12px;\n  text-align: center;\n  box-sizing: border-box;\n\">\n  <!-- 5 étoiles -->\n  <div style=\"width: 216px; margin: 0 auto 1.5rem;\">\n    <svg viewBox=\"0 0 216 53\" xmlns=\"http:\/\/www.w3.org\/2000\/svg\" aria-hidden=\"true\" focusable=\"false\">\n      <path d=\"M0.367698 32.552C0 32.1828 0 31.8135 0 31.4442L0.183849 31.075C0.367698 30.7057 0.551546 30.5211 0.919244 30.5211L12.6856 29.5979L17.0979 18.7046C17.4656 18.1507 17.8333 17.9661 18.201 17.9661H18.7526C19.1203 17.9661 19.488 18.1507 19.6718 18.52L24.268 29.4133L36.0344 30.3364C36.4021 30.3364 36.7698 30.7057 36.7698 30.8903V31.4442C36.9536 31.8135 36.7698 32.1828 36.5859 32.3674L27.5773 40.1219L30.3351 51.5691C30.3351 51.9384 30.3351 52.3076 29.9674 52.4923L29.4158 52.8615C29.0481 53.0462 28.6804 53.0462 28.3127 52.8615L18.3849 46.7687L8.2732 52.8615C8.08935 53.0462 7.72165 53.0462 7.35395 52.8615L6.98625 52.6769C6.61856 52.4923 6.61856 52.123 6.61856 51.7537L9.19244 40.1219L0.367698 32.552ZM44.6753 23.569C44.3076 23.3843 44.3076 23.0151 44.3076 22.6458L44.4914 22.2765C44.6753 21.9073 44.8591 21.7227 45.2268 21.7227L56.9931 20.4302L61.4055 9.53695C61.5894 9.16768 61.957 8.98305 62.5086 8.98305H63.0601C63.4278 8.98305 63.7955 9.16768 63.9794 9.53695L68.5756 20.4302L80.3419 21.3534C80.7096 21.3534 81.0773 21.7227 81.0773 21.9073L81.2612 22.2765C81.445 22.6458 81.2612 23.0151 81.0773 23.1997L71.8849 31.1389L74.6426 42.5861C74.6426 42.9553 74.6426 43.3246 74.2749 43.5092L73.7234 43.8785C73.3557 44.0631 72.988 44.0631 72.6203 43.8785L62.6924 37.7856L52.5808 43.8785C52.2131 44.0631 51.8454 44.0631 51.4777 43.8785L51.11 43.6938C50.7423 43.5092 50.7423 43.1399 50.7423 42.7707L53.3161 31.3235L44.6753 23.569ZM88.9828 14.5859C88.6151 14.4013 88.6151 14.032 88.6151 13.6628L88.799 13.2935C88.9828 12.9242 89.1667 12.7396 89.5344 12.7396L101.301 11.8164L105.713 0.923159C105.897 0.184632 106.265 0 106.816 0H107.368C107.735 0 108.103 0.184632 108.287 0.553896L112.883 11.4472L124.649 12.3703C125.017 12.3703 125.385 12.7396 125.385 12.9242L125.569 13.2935C125.753 13.6628 125.569 14.032 125.385 14.2167L116.192 22.1558L118.95 33.603C118.95 33.9723 118.95 34.3415 118.582 34.5262L118.031 34.8954C117.663 35.0801 117.296 35.0801 116.928 34.8954L107 28.8026L96.8883 34.8954C96.5206 35.0801 96.1529 35.0801 95.7852 34.8954L95.4175 34.7108C95.0498 34.5262 95.0498 34.1569 95.0498 33.7876L97.6237 22.3405L88.9828 14.5859ZM133.29 23.569C132.923 23.3843 132.923 23.0151 132.923 22.6458L133.107 22.2765C133.29 21.9073 133.474 21.7227 133.842 21.7227L145.608 20.7995L150.021 9.90621C150.204 9.16768 150.572 8.98305 150.94 8.98305H151.491C151.859 8.98305 152.227 9.16768 152.411 9.53695L157.007 20.4302L168.773 21.3534C169.141 21.3534 169.509 21.7227 169.509 21.9073L169.692 22.2765C169.876 22.6458 169.692 23.0151 169.509 23.1997L160.5 31.1389L163.258 42.5861C163.258 42.9553 163.258 43.3246 162.89 43.5092L162.339 43.8785C161.971 44.0631 161.603 44.0631 161.235 43.8785L151.308 37.7856L141.196 43.8785C140.828 44.0631 140.46 44.0631 140.093 43.8785L139.725 43.6938C139.357 43.5092 139.357 43.1399 139.357 42.7707L141.931 31.3235L133.29 23.569ZM213.816 31.4442L213.632 31.075C213.448 30.7057 213.265 30.5211 212.897 30.5211L201.131 29.5979L196.718 18.52C196.534 18.1507 196.167 17.9661 195.799 17.9661H195.615H195.431C195.064 17.9661 194.696 18.1507 194.512 18.52L190.1 29.4133L178.333 30.3364C177.966 30.3364 177.598 30.7057 177.598 30.8903L177.414 31.2596C177.414 31.4442 177.414 31.6289 177.414 31.8135C177.414 31.9981 177.598 32.1828 177.782 32.1828L186.607 39.7527L184.033 51.1998C184.033 51.5691 184.033 51.9384 184.4 52.123L184.768 52.3076C184.952 52.4923 185.32 52.4923 185.687 52.3076H185.871L195.983 46.2148L205.911 52.3076C206.278 52.4923 206.646 52.4923 207.014 52.3076L207.565 51.9384C207.933 51.7537 207.933 51.3845 207.933 51.0152L205.175 39.568L214 31.9981C213.816 32.1828 214 31.8135 213.816 31.4442Z\" fill=\"#FFCB61\"\/>\n    <\/svg>\n  <\/div>\n\n <!-- Titre -->\n<h2 style=\"color: #FFFFFF; font-size: 42px; font-weight: bold; margin-bottom: 0.75rem;\">\n  Garantie de bonheur Purethé\n<\/h2>\n\n  <!-- Texte -->\n  <p style=\"font-size: 16px; line-height: 1.6; max-width: 720px; margin: 0 auto;\">\n    Chez Purethé, nous nous engageons à offrir des infusions savoureuses et équilibrées à celles et ceux qui recherchent l’authenticité sans compromis.\n  <\/p>\n<\/div>","color_scheme":"","padding_top":0,"padding_bottom":0}},"testimonials_masonry_XgBLYF":{"type":"testimonials-masonry","blocks":{"testimonial_TyKCVM":{"type":"testimonial","settings":{"icon":"none","image":"shopify:\/\/shop_images\/Copie_de_Copie_de_131_-_Dewty_6.png","text":"<p>“Les sachets donnent vraiment du goût et de l’énergie.”<\/p>","avatar":"shopify:\/\/shop_images\/Capture_d_ecran_2025-07-26_a_15.52.30.png","author":"Angélique B.","bio":"23\/07\/2025","product":"pack-sanite"}},"testimonial_PYdDQn":{"type":"testimonial","settings":{"icon":"none","image":"shopify:\/\/shop_images\/20250724_1010_Boisson_Violette_au_Soleil_remix_01k0xqn04bfdeaq1rf6kfw02tj_e8c78bf7-eccf-4570-aa59-917971f89ba0.png","text":"<p>“Véritable anti courbatures sain, ce thé m’accompagne après une séance de sport. Il m’hydrate en profondeur tout en étant délicieux ! Testé approuvé !”<\/p>","author":"Anonyme","bio":"24\/07\/2025","product":"matedetox"}},"testimonial_Dbqe7X":{"type":"testimonial","settings":{"icon":"none","text":"<p>“Délicieux, j’adore. 😍”<\/p>","avatar":"shopify:\/\/shop_images\/Capture_d_ecran_2025-07-26_a_15.52.42.png","author":"Mv","bio":"23\/07\/2025","product":"pack-sante"}},"testimonial_3DADqk":{"type":"testimonial","settings":{"icon":"none","text":"<p>“Je bois ces thés depuis des années et, perso, j’adore les goûts.”<\/p>","avatar":"shopify:\/\/shop_images\/Capture_d_ecran_2025-07-26_a_15.52.53.png","author":"Magali L.","bio":"23\/07\/2025","product":""}},"testimonial_drVV6p":{"type":"testimonial","settings":{"icon":"none","text":"<p>“Pour tous les goûts et à tout moment dans la journée. Rafraîchissant.”<\/p>","avatar":"shopify:\/\/shop_images\/Capture_d_ecran_2025-07-26_a_15.53.15.png","author":"Elisabeth A.","bio":"23\/07\/2025","product":"coffret-minceur-glace"}},"testimonial_3mUmCD":{"type":"testimonial","settings":{"icon":"none","text":"<p>\"J’ai eu la chance d’avoir un coffret PureThé pour mon Noël, j’ai apprécié différents goûts même si je ne suis pas fan de la cannelle… Du coup, avec les promotions reçues, je me suis fait plaisir sur le site. Je ne regrette pas ! J’adore l'ube et plein d’autres !\"<\/p>","avatar":"shopify:\/\/shop_images\/Capture_d_ecran_2025-07-26_a_15.54.00.png","author":"Sophie L.","bio":"23\/07\/2025","product":""}},"testimonial_wRgCeN":{"type":"testimonial","settings":{"icon":"none","text":"<p>“J’ai testé et j’ai adoré. Je recommande. Moi qui ne buvais que très peu de thé, aujourd’hui je me surprends à en boire autant.”<\/p>","avatar":"shopify:\/\/shop_images\/Capture_d_ecran_2025-07-26_a_15.53.38.png","author":"Sylvie A.","bio":"23\/07\/2025","product":""}},"testimonial_rcjxr6":{"type":"testimonial","settings":{"icon":"none","text":"<p>“C’est un très bon thé, surtout après un effort sportif comme une course.”<\/p>","author":"Delphine V.","bio":"22\/07\/2025","product":"pack-sanite"}},"testimonial_wCQia9":{"type":"testimonial","settings":{"icon":"none","text":"<p>“Un vrai petit délice : des thés frais, un goût parfait. À reprendre !”<\/p>","avatar":"shopify:\/\/shop_images\/Capture_d_ecran_2025-07-26_a_15.53.03.png","author":"Fanny P.","bio":"20\/07\/2025","product":"coffret-minceur-glace"}}},"block_order":["testimonial_TyKCVM","testimonial_PYdDQn","testimonial_Dbqe7X","testimonial_3DADqk","testimonial_drVV6p","testimonial_3mUmCD","testimonial_wRgCeN","testimonial_rcjxr6","testimonial_wCQia9"],"settings":{"container":"fixed","color_scheme":"","section_header_alignment":"center","section_header_alignment_mobile":"inherit","subheading":"","heading":"<strong>Garantie de bonheur Purethé 🥇<\/strong>","highlight_style":"none","highlight_font_style":"italic","highlight_style_color":"","highlight_text_color":"","heading_size":"h1","description":"<p>100 000+ DE CLIENTS SATISFAITS<\/p>","text_size":"text-base","max_height":540,"card_color_scheme":"scheme-10","card_image_ratio":"adapt","show_image":false,"show_author_image":true,"columns_desktop":3,"column_gap":"medium","row_gap":"medium","swipe_on_mobile":true,"show_progress_bar":true,"padding_top":100,"padding_bottom":0,"show_section_divider":false,"divider_width":"fixed"}},"custom_content_9D3Yia":{"type":"custom-content","blocks":{"image_card_with_product_MtdmKC":{"type":"image_card_with_product","settings":{"color_scheme":"scheme-inverse","image":"shopify:\/\/shop_images\/PREPAREZ-VOUSAETRESURPRISlaBoxMensuellePureTheestla4thesouinfusionsenvracUneboxdifferentechaquemoisFruitee_florale_epiceeoufraiche100_naturel_sansaromes_3.png","image_ratio":"3\/4","subheading":"","heading":"","highlight_style":"none","highlight_font_style":"italic","highlight_style_color":"","highlight_text_color":"","heading_size":"h4","description":"","button_label":"","button_style":"btn--primary","button_icon":"none","product":"purebruleur","width":"20%","alignment":"center","block_custom_class":""}},"image_card_with_product_KHt8rE":{"type":"image_card_with_product","settings":{"color_scheme":"scheme-inverse","image":"shopify:\/\/shop_images\/ChatGPT_Image_26_juin_2025_15_31_28.png","image_ratio":"3\/4","subheading":"","heading":"","highlight_style":"none","highlight_font_style":"italic","highlight_style_color":"","highlight_text_color":"","heading_size":"h4","description":"","button_label":"","button_style":"btn--primary","button_icon":"none","product":"puredigest","width":"20%","alignment":"center","block_custom_class":""}},"image_card_with_product_YThx9N":{"type":"image_card_with_product","settings":{"color_scheme":"scheme-inverse","image":"shopify:\/\/shop_images\/3_331df8de-9472-4c59-b14f-d33203629629.png","image_ratio":"3\/4","subheading":"","heading":"","highlight_style":"none","highlight_font_style":"italic","highlight_style_color":"","highlight_text_color":"","heading_size":"h4","description":"","button_label":"","button_style":"btn--primary","button_icon":"none","product":"purechoco","width":"20%","alignment":"center","block_custom_class":""}},"image_card_with_product_jrJKJT":{"type":"image_card_with_product","settings":{"color_scheme":"scheme-inverse","image":"shopify:\/\/shop_images\/PREPAREZ-VOUS_A_ETRE_SURPRIS_la_Box_Mensuelle_PureThe_est_la_4_thes_ou_infusions_en_vrac_Une_box_differente_chaque_mois_Fruitee_florale_epicee_ou_fraiche_100_naturel_sans_aromes_1.png","image_ratio":"3\/4","subheading":"","heading":"","highlight_style":"none","highlight_font_style":"italic","highlight_style_color":"","highlight_text_color":"","heading_size":"h4","description":"","button_label":"","button_style":"btn--primary","button_icon":"none","product":"purecocktail","width":"20%","alignment":"center","block_custom_class":""}},"image_card_with_product_BBJQCW":{"type":"image_card_with_product","settings":{"color_scheme":"scheme-inverse","image":"shopify:\/\/shop_images\/PREPAREZ-VOUSAETRESURPRISlaBoxMensuellePureTheestla4thesouinfusionsenvracUneboxdifferentechaquemoisFruitee_florale_epiceeoufraiche100_naturel_sansaromes_3.png","image_ratio":"3\/4","subheading":"","heading":"","highlight_style":"none","highlight_font_style":"italic","highlight_style_color":"","highlight_text_color":"","heading_size":"h1","description":"","button_label":"","button_style":"btn--secondary","button_icon":"none","product":"puredelice","width":"20%","alignment":"center","block_custom_class":""}}},"block_order":["image_card_with_product_MtdmKC","image_card_with_product_KHt8rE","image_card_with_product_YThx9N","image_card_with_product_jrJKJT","image_card_with_product_BBJQCW"],"settings":{"container":"fixed","color_scheme":"","enable_sticky_column":false,"section_header_alignment":"center","section_header_alignment_mobile":"inherit","subheading":"","heading":"<strong>Les essentiels de Purethé<\/strong>","highlight_style":"none","highlight_font_style":"italic","highlight_style_color":"","highlight_text_color":"","heading_size":"h1","description":"<p>Ne loupez pas la perle rare et retrouvez nos gros succès ici.<\/p>","text_size":"text-base","column_gap":"2xs","row_gap":"inherit","swipe_on_mobile":true,"columns_mobile":"1","padding_top":100,"padding_bottom":8,"show_section_divider":false,"divider_width":"fixed"}},"layered_images_with_text_YAtaL9":{"type":"layered-images-with-text","blocks":{"image_VtXehJ":{"type":"image","settings":{"image":"shopify:\/\/shop_images\/26_juin_2025_14_59_38.png","image_width":144,"image_desktop_vertical":61,"image_desktop_horizontal":9,"animation":"media-mover"}},"image_aBm7wj":{"type":"image","settings":{"image":"shopify:\/\/shop_images\/ChatGPT_Image_26_juin_2025_15_22_27.png","image_width":132,"image_desktop_vertical":25,"image_desktop_horizontal":18,"animation":"media-mover-reverse"}},"image_T68mpU":{"type":"image","settings":{"image":"shopify:\/\/shop_images\/ChatGPT_Image_26_juin_2025_15_31_28.png","image_width":162,"image_desktop_vertical":25,"image_desktop_horizontal":85,"animation":"media-mover-reverse"}},"image_nar3WW":{"type":"image","settings":{"image":"shopify:\/\/shop_images\/ChatGPT_Image_26_juin_2025_15_18_11.png","image_width":118,"image_desktop_vertical":72,"image_desktop_horizontal":92,"animation":"media-mover"}}},"block_order":["image_VtXehJ","image_aBm7wj","image_T68mpU","image_nar3WW"],"name":"t:sections.layered-images-with-text.name","settings":{"container":"fixed","color_scheme":"scheme-info","section_header_alignment":"center","section_header_alignment_mobile":"inherit","subheading":"<strong>@PureThé<\/strong>","subheading_style":"border","heading":"<strong>Restez connecté<\/strong>","highlight_style":"none","highlight_font_style":"italic","highlight_style_color":"","highlight_text_color":"","heading_size":"h1","description":"<p><strong>Gorgéee après gorgée !<\/strong><\/p>","description_size":"text-base","button_label":"Acheté maintenant","button_link":"shopify:\/\/collections","button_style":"btn--primary","button_icon":"none","padding_top":50,"padding_bottom":50,"show_section_divider":false,"divider_width":"fixed"}},"custom_liquid_nBm3db":{"type":"custom-liquid","name":"t:sections.custom-liquid.name","settings":{"custom_liquid":"","color_scheme":"","padding_top":0,"padding_bottom":30}}},"order":["breadcrumbs","main","multicolumn_T3qdNY","buttons_with_icon_aPzKFr","custom_content_7wN3Hy","custom_liquid_gWT3g6","testimonials_masonry_XgBLYF","custom_content_9D3Yia","layered_images_with_text_YAtaL9","custom_liquid_nBm3db"]}