{"current":{"logo":"shopify:\/\/shop_images\/logopurethe.png","logo_width":125,"logo_mobile":"shopify:\/\/shop_images\/logopurethe.png","logo_width_mobile":105,"favicon":"shopify:\/\/shop_images\/logopurethe.png","color_badge_new":"#64b7a6","color_badge_coming_soon":"#8d55cb","color_cart_bubble":"#c4301c","type_body_font":"figtree_n5","body_font_weight_bolder":"600","body_font_size":16,"type_header_font":"fraunces_n4","heading_scale":100,"heading_mobile_scale":70,"display_heading_size":52,"subheading_scale":120,"subheading_font":"heading","subheading_font_weight":"400","subheading_letter_spacing":0,"subheading_transform":"none","pcard_title_scale":100,"pcard_title_font":"body","pcard_title_font_weight":"600","pcard_title_uppercase":false,"navigation_font_weight":"600","navigation_uppercase":false,"buttons_font":"body","buttons_font_weight":"800","buttons_letter_spacing":0,"buttons_transform":"capitalize","page_width":2000,"buttons_corner_radius":"soft-pill","inputs_corner_radius":"soft-pill","blocks_corner_radius":"slightly","pcard_corner_radius":"slightly","badges_corner_radius":"slightly","buttons_height":52,"pcard_style":"card","pcard_content_alignment":"left","pcard_title_line_limit":"1-line","pcard_color_scheme":"scheme-10","pcard_image_ratio":"1\/1","pcard_show_second_img":false,"pcard_show_vendor":false,"pcard_show_type":false,"pcard_show_cart_button":true,"pcard_choose_options_actions":"product_page","pcard_button_style":"btn--primary","pcard_show_quickview_button":false,"pcard_show_sale_badge":true,"pcard_sale_badge_type":"show_text","pcard_enable_color_swatches":false,"pcard_mobile_hide_quick_add":true,"blog_cards_image_ratio":"1\/1","color_swatch_trigger":"Color","swatch_list":"Blue:#8BBCD6","enable_product_compare":false,"quick_view_type":"drawer","cart_type":"drawer","cart_icon":"shopping-bag","cart_style":"solid","free_shipping_minimum_amount":"49","cart_empty_message":"<p>Découvrez notre sélection<\/p>","collection_list":[],"collection_card_color_scheme":"scheme-10","collection_image_ratio":"1\/1","social_facebook_link":"https:\/\/www.facebook.com\/61559265175053\/reels\/?_rdr","social_instagram_link":"https:\/\/www.instagram.com\/purethe_france?utm_source=ig_web_button_share_sheet&igsh=ZDNlZDc0MzIxNw==","social_youtube_link":"","social_snapchat_link":"","social_pinterest_link":"","social_tumblr_link":"","social_vimeo_link":"","predictive_search_enabled":true,"predictive_search_type_enabled":false,"number_results_to_show":10,"predictive_search_show_vendor":false,"predictive_search_show_type":false,"predictive_search_show_price":true,"most_searched_keyworkds":"","products_recommendations":["pure-ube","pure-matcha","pack-sanite"],"search_products_column_gap":"2xs","currency_code_enabled":false,"section_header_alignment":"left","collection_card_style":"style-1","buttons_uppercase":false,"blog_card_style":"standard","blog_card_text_alignment":"left","blog_card_color_scheme":"scheme-2","show_cart_note":false,"cart_drawer_collection":"","sections":{"main-password-header":{"type":"main-password-header","settings":{}},"main-password-footer":{"type":"main-password-footer","settings":{"color_scheme":"scheme-1"}}},"content_for_index":[],"blocks":{"8605505498557855500":{"type":"shopify:\/\/apps\/bogos-io-free-gift\/blocks\/app-embed\/0432bba6-720a-4e95-be5a-b868386f7aa6","disabled":false,"settings":{}},"1768834845299682660":{"type":"shopify:\/\/apps\/subscriptions\/blocks\/app-embed-block\/a3bfe9ec-96f8-4508-a003-df608a36d2ad","disabled":false,"settings":{"color_text_title":"#6D7175","color_text_body":"#6D7175","dividers_color":"#8F8D8D","bacgkround_color":"#FFFFFF","border_thickness":1,"border_radius":0,"subscription_policy_url":""}},"6610233760104865948":{"type":"shopify:\/\/apps\/pushowl-brevo-email-push-sms\/blocks\/pushowl-app-embed-3d2ff2b5\/fa20c3ba-38bf-43e0-ba5c-431f6ae07d95","disabled":false,"settings":{}}},"color_schemes":{"scheme-1":{"settings":{"primary_accent":"#c4301c","border":"#e6e9eb","text":"#2a2552","subtext":"#2a2552","background":"#ffffff","secondary_background":"#f6f6f6","button":"#3e358c","button_label":"#ffffff","secondary_button":"#ededed","secondary_button_border":"#ededed","secondary_button_label":"#072835","form_field":"#ededed","form_field_label":"#072835","product_price_sale":"#c4301c","progress_bar_color":"#0d8756"}},"scheme-inverse":{"settings":{"primary_accent":"#c4301c","border":"#203e49","text":"#ffffff","subtext":"#cdd4d7","background":"#000000","secondary_background":"#000000","button":"#ffffff","button_label":"#072835","secondary_button":"#000000","secondary_button_border":"#ffffff","secondary_button_label":"#ffffff","form_field":"#ffffff","form_field_label":"#000000","product_price_sale":"#c4301c","progress_bar_color":"#0d8756"}},"scheme-info":{"settings":{"primary_accent":"#c4301c","border":"#203e49","text":"#ffffff","subtext":"#cdd4d7","background":"#2a2552","secondary_background":"#f7f7f7","button":"#ffd162","button_label":"#2a2552","secondary_button":"#ffd162","secondary_button_border":"#ffd162","secondary_button_label":"#2a2552","form_field":"#3e358c","form_field_label":"#ffffff","product_price_sale":"#c4301c","progress_bar_color":"#0d8756"}},"scheme-2":{"settings":{"primary_accent":"#c8202f","border":"#e6e9eb","text":"#ffffff","subtext":"#516971","background":"#c4301c","secondary_background":"#f5f5f5","button":"#072835","button_label":"#ffffff","secondary_button":"#fbe9e9","secondary_button_border":"#072835","secondary_button_label":"#072835","form_field":"#f5f5f5","form_field_label":"#000000","product_price_sale":"#c4301c","progress_bar_color":"#0d8756"}},"scheme-3":{"settings":{"primary_accent":"#c4301c","border":"#e6e9eb","text":"#072835","subtext":"#516971","background":"#e7e1f5","secondary_background":"#f7f7f7","button":"#072835","button_label":"#ffffff","secondary_button":"#e7e1f5","secondary_button_border":"#072835","secondary_button_label":"#072835","form_field":"#ffffff","form_field_label":"#000000","product_price_sale":"#c4301c","progress_bar_color":"#0d8756"}},"scheme-4":{"settings":{"primary_accent":"#c4301c","border":"#e6e9eb","text":"#072835","subtext":"#516971","background":"#fddbd7","secondary_background":"#f7f7f7","button":"#072835","button_label":"#ffffff","secondary_button":"#ffffff","secondary_button_border":"#ffffff","secondary_button_label":"#072835","form_field":"#f5f5f5","form_field_label":"#000000","product_price_sale":"#c4301c","progress_bar_color":"#0d8756"}},"scheme-6":{"settings":{"primary_accent":"#c4301c","border":"#e6e9eb","text":"#072835","subtext":"#516971","background":"#d8eae8","secondary_background":"#f3eeea","button":"#072835","button_label":"#ffffff","secondary_button":"#d8eae8","secondary_button_border":"#072835","secondary_button_label":"#072835","form_field":"#ffffff","form_field_label":"#000000","product_price_sale":"#c4301c","progress_bar_color":"#0d8756"}},"scheme-7":{"settings":{"primary_accent":"#c4301c","border":"#e6e9eb","text":"#072835","subtext":"#516971","background":"#f5e2e2","secondary_background":"#e9e9e9","button":"#072835","button_label":"#ffffff","secondary_button":"#f5e2e2","secondary_button_border":"#072835","secondary_button_label":"#072835","form_field":"#f5f5f5","form_field_label":"#000000","product_price_sale":"#c4301c","progress_bar_color":"#0d8756"}},"scheme-8":{"settings":{"primary_accent":"#c4301c","border":"#e6e9eb","text":"#072835","subtext":"#516971","background":"#fafafa","secondary_background":"#f7f7f7","button":"#072835","button_label":"#fafafa","secondary_button":"#fafafa","secondary_button_border":"#072835","secondary_button_label":"#072835","form_field":"#f5f5f5","form_field_label":"#000000","product_price_sale":"#c4301c","progress_bar_color":"#0d8756"}},"scheme-9":{"settings":{"primary_accent":"#c4301c","border":"#e6e9eb","text":"#072835","subtext":"#516971","background":"#f1f1f1","secondary_background":"#ededed","button":"#072835","button_label":"#ffffff","secondary_button":"#ededed","secondary_button_border":"#ededed","secondary_button_label":"#072835","form_field":"#ededed","form_field_label":"#000000","product_price_sale":"#c4301c","progress_bar_color":"#0d8756"}},"scheme-10":{"settings":{"primary_accent":"#c4301c","border":"#e6e9eb","text":"#072835","subtext":"#516971","background":"#f7f7f5","secondary_background":"#ededed","button":"#072835","button_label":"#ffffff","secondary_button":"#f7f7f5","secondary_button_border":"#072835","secondary_button_label":"#072835","form_field":"#ffffff","form_field_label":"#072835","product_price_sale":"#c4301c","progress_bar_color":"#0d8756"}},"scheme-11":{"settings":{"primary_accent":"#c4301c","border":"#e6e9eb","text":"#072835","subtext":"#516971","background":"#f6f6f6","secondary_background":"#ededed","button":"#072835","button_label":"#ffffff","secondary_button":"#ededed","secondary_button_border":"#ededed","secondary_button_label":"#072835","form_field":"#ffffff","form_field_label":"#072835","product_price_sale":"#c4301c","progress_bar_color":"#0d8756"}},"scheme-12":{"settings":{"primary_accent":"#c4301c","border":"#e6e9eb","text":"#072835","subtext":"#516971","background":"#ffffff","secondary_background":"#ededed","button":"#c4301c","button_label":"#ffffff","secondary_button":"#ededed","secondary_button_border":"#ededed","secondary_button_label":"#072835","form_field":"#ffffff","form_field_label":"#072835","product_price_sale":"#c4301c","progress_bar_color":"#0d8756"}},"scheme-13":{"settings":{"primary_accent":"#c4301c","border":"#e6e9eb","text":"#072835","subtext":"#516971","background":"#f9f2df","secondary_background":"#ededed","button":"#072835","button_label":"#ffffff","secondary_button":"#ededed","secondary_button_border":"#ededed","secondary_button_label":"#072835","form_field":"#ededed","form_field_label":"#072835","product_price_sale":"#c4301c","progress_bar_color":"#0d8756"}},"scheme-14":{"settings":{"primary_accent":"#c4301c","border":"#e5e5e5","text":"#000000","subtext":"#4d4d4d","background":"#ffffff","secondary_background":"#f5f5f5","button":"#ffe093","button_label":"#000000","secondary_button":"#ededed","secondary_button_border":"#ededed","secondary_button_label":"#000000","form_field":"#ffffff","form_field_label":"#000000","product_price_sale":"#c4301c","progress_bar_color":"#0d8756"}}}},"installed_preset_name":"Ceramide","presets":{"Hyper":{"logo_width":150,"logo_width_mobile":110,"color_badge_hot":"#1d349a","color_badge_new":"#0d8756","type_body_font":"instrument_sans_n5","body_font_weight_bolder":"600","body_font_size":15,"type_header_font":"instrument_sans_n7","heading_scale":100,"heading_mobile_scale":70,"subheading_scale":106,"subheading_font":"body","subheading_font_weight":"700","subheading_letter_spacing":0,"subheading_transform":"none","pcard_title_scale":100,"pcard_title_font":"heading","pcard_title_font_weight":"600","navigation_font_weight":"700","navigation_uppercase":false,"buttons_font":"body","buttons_font_weight":"700","buttons_letter_spacing":0,"buttons_transform":"capitalize","page_width":1700,"buttons_corner_radius":"round","inputs_corner_radius":"round","blocks_corner_radius":"slightly","pcard_corner_radius":"slightly","badges_corner_radius":"round","pcard_style":"standard","pcard_color_scheme":"scheme-1","pcard_show_vendor":false,"pcard_show_type":true,"pcard_show_quickview_button":false,"pcard_show_sale_badge":true,"pcard_sale_badge_type":"show_text","pcard_enable_color_swatches":true,"pcard_maximum_swatches_to_show":4,"quick_view_type":"modal","cart_type":"drawer","cart_icon":"shopping-bag","free_shipping_minimum_amount":"500","cart_empty_message":"<p>Not sure where to start? Try these collections:<\/p>","collection_image_ratio":"4\/3","social_snapchat_link":"","social_pinterest_link":"","social_tumblr_link":"","social_vimeo_link":"","predictive_search_enabled":true,"predictive_search_type_enabled":true,"number_results_to_show":10,"predictive_search_show_vendor":false,"predictive_search_show_price":false,"currency_code_enabled":false,"section_header_alignment":"left","collection_card_color_scheme":"scheme-1","collection_card_style":"style-1","buttons_uppercase":false,"blog_card_style":"standard","blog_card_text_alignment":"left","blog_card_color_scheme":"scheme-2","show_cart_note":false,"cart_drawer_collection":"","sections":{"main-password-header":{"type":"main-password-header","settings":{}},"main-password-footer":{"type":"main-password-footer","settings":{"color_scheme":"scheme-1"}}},"content_for_index":[],"color_schemes":{"scheme-1":{"settings":{"primary_accent":"#c4301c","border":"#e5e5e5","text":"#000000","subtext":"#666666","background":"#ffffff","secondary_background":"#ededed","button":"#000000","button_label":"#ffffff","secondary_button":"#ededed","secondary_button_border":"#ededed","secondary_button_label":"#000000","form_field":"#ededed","form_field_label":"#000000","product_price_sale":"#c4301c","progress_bar_color":"#0d8756"}},"scheme-inverse":{"settings":{"primary_accent":"#c4301c","border":"#ffffff","text":"#ffffff","subtext":"#ffffff","background":"#000000","secondary_background":"#000000","button":"#ffffff","button_label":"#000000","secondary_button":"#ffffff","secondary_button_border":"#e6e6e6","secondary_button_label":"#000000","form_field":"#ffffff","form_field_label":"#000000","product_price_sale":"#c4301c","progress_bar_color":"#0d8756"}},"scheme-info":{"settings":{"primary_accent":"#c4301c","border":"#e5e5e5","text":"#000000","subtext":"#666666","background":"#f0f2ff","secondary_background":"#f7f7f7","button":"#000000","button_label":"#ffffff","secondary_button":"#ededed","secondary_button_border":"#ededed","secondary_button_label":"#000000","form_field":"#f5f5f5","form_field_label":"#000000","product_price_sale":"#c4301c","progress_bar_color":"#0d8756"}},"scheme-2":{"settings":{"primary_accent":"#c4301c","border":"#e5e5e5","text":"#ffffff","subtext":"#ffffff","background":"#1d349a","secondary_background":"#f5f5f5","button":"#ffffff","button_label":"#000000","secondary_button":"#ffffff","secondary_button_border":"#ffffff","secondary_button_label":"#000000","form_field":"#f5f5f5","form_field_label":"#000000","product_price_sale":"#c4301c","progress_bar_color":"#0d8756"}},"scheme-3":{"settings":{"primary_accent":"#c4301c","border":"#f7f7f7","text":"#000000","subtext":"#666666","background":"#f4f691","secondary_background":"#f7f7f7","button":"#000000","button_label":"#ffffff","secondary_button":"#f4f691","secondary_button_border":"#000000","secondary_button_label":"#000000","form_field":"#ffffff","form_field_label":"#000000","product_price_sale":"#c4301c","progress_bar_color":"#0d8756"}},"scheme-4":{"settings":{"primary_accent":"#c4301c","border":"#e6e6e6","text":"#000000","subtext":"#666666","background":"#f5e2e2","secondary_background":"#f7f7f7","button":"#000000","button_label":"#ffffff","secondary_button":"#e9e9e9","secondary_button_border":"#e9e9e9","secondary_button_label":"#000000","form_field":"#f5f5f5","form_field_label":"#000000","product_price_sale":"#c4301c","progress_bar_color":"#0d8756"}},"scheme-6":{"settings":{"primary_accent":"#c4301c","border":"#c6bfb1","text":"#000000","subtext":"#666666","background":"#e0efe4","secondary_background":"#f3eeea","button":"#000000","button_label":"#ffffff","secondary_button":"#ffffff","secondary_button_border":"#e6e6e6","secondary_button_label":"#000000","form_field":"#ffffff","form_field_label":"#000000","product_price_sale":"#c4301c","progress_bar_color":"#0d8756"}},"scheme-7":{"settings":{"primary_accent":"#c4301c","border":"#e6e6e6","text":"#000000","subtext":"#666666","background":"#dbe1ff","secondary_background":"#e9e9e9","button":"#000000","button_label":"#ffffff","secondary_button":"#e9e9e9","secondary_button_border":"#e9e9e9","secondary_button_label":"#000000","form_field":"#f5f5f5","form_field_label":"#000000","product_price_sale":"#c4301c","progress_bar_color":"#0d8756"}},"scheme-8":{"settings":{"primary_accent":"#c4301c","border":"#e6e6e6","text":"#ffffff","subtext":"#ffffff","background":"#c4301c","secondary_background":"#f7f7f7","button":"#ffffff","button_label":"#000000","secondary_button":"#c4301c","secondary_button_border":"#ffffff","secondary_button_label":"#ffffff","form_field":"#f5f5f5","form_field_label":"#000000","product_price_sale":"#c4301c","progress_bar_color":"#0d8756"}},"scheme-9":{"settings":{"primary_accent":"#c4301c","border":"#e5e5e5","text":"#000000","subtext":"#666666","background":"#ffffff","secondary_background":"#ededed","button":"#f4f691","button_label":"#000000","secondary_button":"#ededed","secondary_button_border":"#ededed","secondary_button_label":"#000000","form_field":"#ededed","form_field_label":"#000000","product_price_sale":"#c4301c","progress_bar_color":"#0d8756"}},"scheme-10":{"settings":{"primary_accent":"#c4301c","border":"#e5e5e5","text":"#000000","subtext":"#666666","background":"#f6f6f6","secondary_background":"#ededed","button":"#000000","button_label":"#ffffff","secondary_button":"#ededed","secondary_button_border":"#ededed","secondary_button_label":"#000000","form_field":"#ededed","form_field_label":"#000000","product_price_sale":"#c4301c","progress_bar_color":"#0d8756"}},"scheme-11":{"settings":{"primary_accent":"#c4301c","border":"#516971","text":"#072835","subtext":"#516971","background":"#f6f6f6","secondary_background":"#ededed","button":"#072835","button_label":"#ffffff","secondary_button":"#ededed","secondary_button_border":"#ededed","secondary_button_label":"#072835","form_field":"#ffffff","form_field_label":"#072835","product_price_sale":"#c4301c","progress_bar_color":"#0d8756"}},"scheme-12":{"settings":{"primary_accent":"#c4301c","border":"#516971","text":"#072835","subtext":"#516971","background":"#ffffff","secondary_background":"#ededed","button":"#C4301C","button_label":"#ffffff","secondary_button":"#ededed","secondary_button_border":"#ededed","secondary_button_label":"#072835","form_field":"#ffffff","form_field_label":"#072835","product_price_sale":"#c4301c","progress_bar_color":"#0d8756"}},"scheme-13":{"settings":{"primary_accent":"#c4301c","border":"#e6e9eb","text":"#072835","subtext":"#516971","background":"#f9f2df","secondary_background":"#ededed","button":"#072835","button_label":"#ffffff","secondary_button":"#ededed","secondary_button_border":"#ededed","secondary_button_label":"#072835","form_field":"#ededed","form_field_label":"#072835","product_price_sale":"#c4301c","progress_bar_color":"#0d8756"}},"scheme-14":{"settings":{"primary_accent":"#c4301c","border":"#e5e5e5","text":"#000000","subtext":"#4d4d4d","background":"#ffffff","secondary_background":"#f5f5f5","button":"#ffe093","button_label":"#000000","secondary_button":"#ededed","secondary_button_border":"#ededed","secondary_button_label":"#000000","form_field":"#ffffff","form_field_label":"#000000","product_price_sale":"#c4301c","progress_bar_color":"#0d8756"}}}},"Ceramide":{"logo_width":125,"logo_width_mobile":105,"color_badge_new":"#64b7a6","color_badge_coming_soon":"#8d55cb","color_cart_bubble":"#c4301c","type_body_font":"figtree_n5","body_font_weight_bolder":"600","body_font_size":15,"type_header_font":"fraunces_n4","heading_scale":100,"heading_mobile_scale":70,"display_heading_size":52,"subheading_scale":120,"subheading_font":"heading","subheading_font_weight":"400","subheading_letter_spacing":0,"subheading_transform":"none","pcard_title_scale":100,"pcard_title_font":"body","pcard_title_font_weight":"600","pcard_title_uppercase":false,"navigation_font_weight":"600","navigation_uppercase":false,"buttons_font":"body","buttons_font_weight":"600","buttons_letter_spacing":0,"buttons_transform":"capitalize","page_width":1700,"buttons_corner_radius":"round","inputs_corner_radius":"round","blocks_corner_radius":"slightly","pcard_corner_radius":"slightly","badges_corner_radius":"round","pcard_style":"card","pcard_color_scheme":"scheme-10","pcard_show_vendor":false,"pcard_show_type":true,"pcard_show_quickview_button":true,"pcard_show_sale_badge":true,"pcard_sale_badge_type":"show_text","pcard_enable_color_swatches":false,"color_swatch_trigger":"Color","swatch_list":"Blue:#8BBCD6","quick_view_type":"modal","cart_type":"drawer","cart_icon":"shopping-bag","cart_style":"bordered","free_shipping_minimum_amount":"120","cart_empty_message":"<p>Not sure where to start? Try these collections:<\/p>","collection_card_color_scheme":"scheme-10","collection_image_ratio":"adapt","social_youtube_link":"","social_snapchat_link":"","social_pinterest_link":"","social_tumblr_link":"","social_vimeo_link":"","predictive_search_enabled":true,"predictive_search_type_enabled":false,"number_results_to_show":10,"predictive_search_show_vendor":false,"predictive_search_show_type":true,"predictive_search_show_price":true,"search_products_column_gap":"2xs","currency_code_enabled":false,"section_header_alignment":"left","collection_card_style":"style-1","buttons_uppercase":false,"blog_card_style":"standard","blog_card_text_alignment":"left","blog_card_color_scheme":"scheme-2","show_cart_note":false,"cart_drawer_collection":"","sections":{"main-password-header":{"type":"main-password-header","settings":{}},"main-password-footer":{"type":"main-password-footer","settings":{"color_scheme":"scheme-1"}}},"content_for_index":[],"color_schemes":{"scheme-1":{"settings":{"primary_accent":"#c4301c","border":"#e6e9eb","text":"#072835","subtext":"#516971","background":"#ffffff","secondary_background":"#f6f6f6","button":"#072835","button_label":"#ffffff","secondary_button":"#ededed","secondary_button_border":"#ededed","secondary_button_label":"#072835","form_field":"#ededed","form_field_label":"#072835","product_price_sale":"#c4301c","progress_bar_color":"#0d8756"}},"scheme-inverse":{"settings":{"primary_accent":"#c4301c","border":"#203e49","text":"#ffffff","subtext":"#cdd4d7","background":"#000000","secondary_background":"#000000","button":"#ffffff","button_label":"#072835","secondary_button":"#000000","secondary_button_border":"#ffffff","secondary_button_label":"#ffffff","form_field":"#ffffff","form_field_label":"#000000","product_price_sale":"#c4301c","progress_bar_color":"#0d8756"}},"scheme-info":{"settings":{"primary_accent":"#c4301c","border":"#203e49","text":"#ffffff","subtext":"#cdd4d7","background":"#072835","secondary_background":"#f7f7f7","button":"#c4301c","button_label":"#ffffff","secondary_button":"#ffffff","secondary_button_border":"#ffffff","secondary_button_label":"#072835","form_field":"#203e49","form_field_label":"#ffffff","product_price_sale":"#c4301c","progress_bar_color":"#0d8756"}},"scheme-2":{"settings":{"primary_accent":"#c4301c","border":"#e6e9eb","text":"#072835","subtext":"#516971","background":"#fbe9e9","secondary_background":"#f5f5f5","button":"#072835","button_label":"#ffffff","secondary_button":"#fbe9e9","secondary_button_border":"#072835","secondary_button_label":"#072835","form_field":"#f5f5f5","form_field_label":"#000000","product_price_sale":"#c4301c","progress_bar_color":"#0d8756"}},"scheme-3":{"settings":{"primary_accent":"#c4301c","border":"#e6e9eb","text":"#072835","subtext":"#516971","background":"#e7e1f5","secondary_background":"#f7f7f7","button":"#072835","button_label":"#ffffff","secondary_button":"#e7e1f5","secondary_button_border":"#072835","secondary_button_label":"#072835","form_field":"#ffffff","form_field_label":"#000000","product_price_sale":"#c4301c","progress_bar_color":"#0d8756"}},"scheme-4":{"settings":{"primary_accent":"#c4301c","border":"#e6e9eb","text":"#072835","subtext":"#516971","background":"#fddbd7","secondary_background":"#f7f7f7","button":"#072835","button_label":"#ffffff","secondary_button":"#ffffff","secondary_button_border":"#ffffff","secondary_button_label":"#072835","form_field":"#f5f5f5","form_field_label":"#000000","product_price_sale":"#c4301c","progress_bar_color":"#0d8756"}},"scheme-6":{"settings":{"primary_accent":"#c4301c","border":"#e6e9eb","text":"#072835","subtext":"#516971","background":"#d8eae8","secondary_background":"#f3eeea","button":"#072835","button_label":"#ffffff","secondary_button":"#d8eae8","secondary_button_border":"#072835","secondary_button_label":"#072835","form_field":"#ffffff","form_field_label":"#000000","product_price_sale":"#c4301c","progress_bar_color":"#0d8756"}},"scheme-7":{"settings":{"primary_accent":"#c4301c","border":"#e6e9eb","text":"#072835","subtext":"#516971","background":"#f5e2e2","secondary_background":"#e9e9e9","button":"#072835","button_label":"#ffffff","secondary_button":"#f5e2e2","secondary_button_border":"#072835","secondary_button_label":"#072835","form_field":"#f5f5f5","form_field_label":"#000000","product_price_sale":"#c4301c","progress_bar_color":"#0d8756"}},"scheme-8":{"settings":{"primary_accent":"#c4301c","border":"#e6e9eb","text":"#072835","subtext":"#516971","background":"#fafafa","secondary_background":"#f7f7f7","button":"#072835","button_label":"#fafafa","secondary_button":"#fafafa","secondary_button_border":"#072835","secondary_button_label":"#072835","form_field":"#f5f5f5","form_field_label":"#000000","product_price_sale":"#c4301c","progress_bar_color":"#0d8756"}},"scheme-9":{"settings":{"primary_accent":"#c4301c","border":"#e6e9eb","text":"#072835","subtext":"#516971","background":"#f1f1f1","secondary_background":"#ededed","button":"#072835","button_label":"#ffffff","secondary_button":"#ededed","secondary_button_border":"#ededed","secondary_button_label":"#072835","form_field":"#ededed","form_field_label":"#000000","product_price_sale":"#c4301c","progress_bar_color":"#0d8756"}},"scheme-10":{"settings":{"primary_accent":"#c4301c","border":"#e6e9eb","text":"#072835","subtext":"#516971","background":"#f7f7f5","secondary_background":"#ededed","button":"#072835","button_label":"#ffffff","secondary_button":"#f7f7f5","secondary_button_border":"#072835","secondary_button_label":"#072835","form_field":"#ffffff","form_field_label":"#072835","product_price_sale":"#c4301c","progress_bar_color":"#0d8756"}},"scheme-11":{"settings":{"primary_accent":"#c4301c","border":"#e6e9eb","text":"#072835","subtext":"#516971","background":"#f6f6f6","secondary_background":"#ededed","button":"#072835","button_label":"#ffffff","secondary_button":"#ededed","secondary_button_border":"#ededed","secondary_button_label":"#072835","form_field":"#ffffff","form_field_label":"#072835","product_price_sale":"#c4301c","progress_bar_color":"#0d8756"}},"scheme-12":{"settings":{"primary_accent":"#c4301c","border":"#e6e9eb","text":"#072835","subtext":"#516971","background":"#ffffff","secondary_background":"#ededed","button":"#c4301c","button_label":"#ffffff","secondary_button":"#ededed","secondary_button_border":"#ededed","secondary_button_label":"#072835","form_field":"#ffffff","form_field_label":"#072835","product_price_sale":"#c4301c","progress_bar_color":"#0d8756"}},"scheme-13":{"settings":{"primary_accent":"#c4301c","border":"#e6e9eb","text":"#072835","subtext":"#516971","background":"#f9f2df","secondary_background":"#ededed","button":"#072835","button_label":"#ffffff","secondary_button":"#ededed","secondary_button_border":"#ededed","secondary_button_label":"#072835","form_field":"#ededed","form_field_label":"#072835","product_price_sale":"#c4301c","progress_bar_color":"#0d8756"}},"scheme-14":{"settings":{"primary_accent":"#c4301c","border":"#e5e5e5","text":"#000000","subtext":"#4d4d4d","background":"#ffffff","secondary_background":"#f5f5f5","button":"#ffe093","button_label":"#000000","secondary_button":"#ededed","secondary_button_border":"#ededed","secondary_button_label":"#000000","form_field":"#ffffff","form_field_label":"#000000","product_price_sale":"#c4301c","progress_bar_color":"#0d8756"}}}},"Trove":{"logo_width":130,"logo_width_mobile":120,"color_badge_sale":"#cb321e","color_badge_hot":"#000000","color_badge_new":"#049b6e","color_cart_bubble":"#cb321e","overlay_color_scheme":"scheme-2","type_body_font":"roboto_n4","body_font_weight_bolder":"500","body_font_size":15,"type_header_font":"poppins_n6","heading_scale":100,"heading_mobile_scale":70,"display_heading_size":52,"subheading_scale":106,"subheading_font":"heading","subheading_font_weight":"600","subheading_letter_spacing":0,"subheading_transform":"capitalize","pcard_title_scale":100,"pcard_title_font":"body","pcard_title_font_weight":"400","pcard_price_font":"heading","pcard_price_font_weight":"600","pcard_badge_font":"heading","pcard_badge_font_weight":"600","navigation_font":"heading","navigation_font_weight":"600","navigation_uppercase":false,"buttons_font":"heading","buttons_font_weight":"600","buttons_letter_spacing":0,"buttons_transform":"capitalize","page_width":1700,"buttons_corner_radius":"round","inputs_corner_radius":"round","blocks_corner_radius":"slightly","pcard_corner_radius":"slightly","badges_corner_radius":"round","pcard_style":"card","pcard_title_line_limit":"2-lines","pcard_color_scheme":"scheme-2","pcard_image_ratio":"1\/1","pcard_show_vendor":false,"pcard_show_type":false,"pcard_list_style":"card","pcard_overlay_color_scheme":"scheme-2","pcard_button_style":"btn--secondary","pcard_show_quickview_button":false,"quickview_button_style":"btn--secondary","pcard_flash_sale_color_scheme":"scheme-2","pcard_show_sale_badge":true,"pcard_sale_badge_type":"show_percentage","pcard_enable_color_swatches":true,"pcard_maximum_swatches_to_show":4,"quick_view_type":"modal","cart_type":"drawer","cart_icon":"shopping-bag","cart_style":"solid","free_shipping_minimum_amount":"120","cart_empty_message":"<p>Not sure where to start? Try these collections:<\/p>","collection_card_color_scheme":"scheme-2","collection_image_ratio":"4\/3","social_facebook_link":"","social_instagram_link":"","social_youtube_link":"","social_tiktok_link":"","social_twitter_link":"","social_snapchat_link":"","social_pinterest_link":"","social_tumblr_link":"","social_vimeo_link":"","predictive_search_enabled":true,"predictive_search_type_enabled":true,"number_results_to_show":10,"predictive_search_show_vendor":false,"predictive_search_show_type":false,"predictive_search_show_price":true,"search_products_column_gap":"2xs","currency_code_enabled":false,"show_image_border":true,"section_header_alignment":"left","collection_card_style":"style-1","buttons_uppercase":false,"blog_card_style":"standard","blog_card_text_alignment":"left","blog_card_color_scheme":"scheme-2","show_cart_note":false,"cart_drawer_collection":"","sections":{"main-password-header":{"type":"main-password-header","settings":{}},"main-password-footer":{"type":"main-password-footer","settings":{"color_scheme":"scheme-1"}}},"content_for_index":[],"color_schemes":{"scheme-1":{"settings":{"primary_accent":"#cb321e","border":"#dcdcdc","text":"#000000","subtext":"#4a4a4a","background":"#f0f0f0","secondary_background":"#ffffff","button":"#000000","button_label":"#ffffff","secondary_button":"#f0f0f0","secondary_button_border":"#c0c0c0","secondary_button_label":"#000000","form_field":"#ffffff","form_field_label":"#000000","product_price_sale":"#cb321e","progress_bar_color":"#049b6e"}},"scheme-inverse":{"settings":{"primary_accent":"#cb321e","border":"#232323","text":"#ffffff","subtext":"#cccccc","background":"#000000","secondary_background":"#232323","button":"#ffffff","button_label":"#000000","secondary_button":"#232323","secondary_button_border":"#232323","secondary_button_label":"#ffffff","form_field":"#232323","form_field_label":"#ffffff","product_price_sale":"#cb321e","progress_bar_color":"#0d8756"}},"scheme-info":{"settings":{"primary_accent":"#cb321e","border":"#dddddd","text":"#000000","subtext":"#4a4a4a","background":"#f6f6f6","secondary_background":"#ffffff","button":"#000000","button_label":"#ffffff","secondary_button":"#ffffff","secondary_button_border":"#ffffff","secondary_button_label":"#000000","form_field":"#ffffff","form_field_label":"#000000","product_price_sale":"#cb321e","progress_bar_color":"#0d8756"}},"scheme-2":{"settings":{"primary_accent":"#cb321e","border":"#e5e5e5","text":"#000000","subtext":"#4d4d4d","background":"#ffffff","secondary_background":"#ededed","button":"#000000","button_label":"#ffffff","secondary_button":"#e5e5e5","secondary_button_border":"#e5e5e5","secondary_button_label":"#000000","form_field":"#ededed","form_field_label":"#000000","product_price_sale":"#cb321e","progress_bar_color":"#049b6e"}},"scheme-3":{"settings":{"primary_accent":"#fec61f","border":"#7a3525","text":"#ffffff","subtext":"#ffffff","background":"#6b1f0d","secondary_background":"#ffffff","button":"#ffffff","button_label":"#000000","secondary_button":"#6b1f0d","secondary_button_border":"#894c3d","secondary_button_label":"#ffffff","form_field":"#ffffff","form_field_label":"#000000","product_price_sale":"#fec61f","progress_bar_color":"#0d8756"}},"scheme-4":{"settings":{"primary_accent":"#fec61f","border":"#4a6a5a","text":"#ffffff","subtext":"#ffffff","background":"#1d4531","secondary_background":"#ffffff","button":"#ffffff","button_label":"#000000","secondary_button":"#1d4531","secondary_button_border":"#4a6a5a","secondary_button_label":"#ffffff","form_field":"#ffffff","form_field_label":"#000000","product_price_sale":"#fec61f","progress_bar_color":"#ffffff"}},"scheme-6":{"settings":{"primary_accent":"#cb321e","border":"#ffffff","text":"#ffffff","subtext":"#d3d3d3","background":"#232323","secondary_background":"#000000","button":"#ffffff","button_label":"#000000","secondary_button":"#ffffff","secondary_button_border":"#e6e6e6","secondary_button_label":"#000000","form_field":"#ffffff","form_field_label":"#000000","product_price_sale":"#cb321e","progress_bar_color":"#0d8756"}},"scheme-7":{"settings":{"primary_accent":"#ffffff","border":"#e6e6e6","text":"#ffffff","subtext":"#ffffff","background":"#cb321e","secondary_background":"#ffffff","button":"#ffffff","button_label":"#000000","secondary_button":"#ffffff","secondary_button_border":"#ffffff","secondary_button_label":"#000000","form_field":"#ffffff","form_field_label":"#000000","product_price_sale":"#ffffff","progress_bar_color":"#0d8756"}},"scheme-8":{"settings":{"primary_accent":"#cb321e","border":"#e5e5e5","text":"#000000","subtext":"#4d4d4d","background":"#e3d3cf","secondary_background":"#ededed","button":"#000000","button_label":"#ffffff","secondary_button":"#eeecec","secondary_button_border":"#eeecec","secondary_button_label":"#000000","form_field":"#ededed","form_field_label":"#000000","product_price_sale":"#cb321e","progress_bar_color":"#049b6e"}},"scheme-9":{"settings":{"primary_accent":"#cb321e","border":"#e5e5e5","text":"#000000","subtext":"#4d4d4d","background":"#dbe5eb","secondary_background":"#ededed","button":"#000000","button_label":"#ffffff","secondary_button":"#eeecec","secondary_button_border":"#eeecec","secondary_button_label":"#000000","form_field":"#ededed","form_field_label":"#000000","product_price_sale":"#cb321e","progress_bar_color":"#049b6e"}},"scheme-10":{"settings":{"primary_accent":"#cb321e","border":"#e5e5e5","text":"#000000","subtext":"#4d4d4d","background":"#dce5dd","secondary_background":"#ededed","button":"#000000","button_label":"#ffffff","secondary_button":"#eeecec","secondary_button_border":"#eeecec","secondary_button_label":"#000000","form_field":"#ededed","form_field_label":"#000000","product_price_sale":"#cb321e","progress_bar_color":"#049b6e"}},"scheme-11":{"settings":{"primary_accent":"#cb321e","border":"#e5e5e5","text":"#000000","subtext":"#4d4d4d","background":"#ebe5de","secondary_background":"#ededed","button":"#000000","button_label":"#ffffff","secondary_button":"#eeecec","secondary_button_border":"#eeecec","secondary_button_label":"#000000","form_field":"#ededed","form_field_label":"#000000","product_price_sale":"#cb321e","progress_bar_color":"#049b6e"}},"scheme-12":{"settings":{"primary_accent":"#cb321e","border":"#e5e5e5","text":"#000000","subtext":"#4d4d4d","background":"#cfdcc9","secondary_background":"#ededed","button":"#000000","button_label":"#ffffff","secondary_button":"#eeecec","secondary_button_border":"#eeecec","secondary_button_label":"#000000","form_field":"#ededed","form_field_label":"#000000","product_price_sale":"#cb321e","progress_bar_color":"#049b6e"}},"scheme-13":{"settings":{"primary_accent":"#c4301c","border":"#e5b21c","text":"#000000","subtext":"#4c3b09","background":"#fec61f","secondary_background":"#ffffff","button":"#000000","button_label":"#ffffff","secondary_button":"#ededed","secondary_button_border":"#ededed","secondary_button_label":"#000000","form_field":"#ffffff","form_field_label":"#000000","product_price_sale":"#c4301c","progress_bar_color":"#0d8756"}},"scheme-14":{"settings":{"primary_accent":"#c4301c","border":"#e5e5e5","text":"#000000","subtext":"#4d4d4d","background":"#ffffff","secondary_background":"#f0f0f0","button":"#ffe093","button_label":"#000000","secondary_button":"#ededed","secondary_button_border":"#ededed","secondary_button_label":"#000000","form_field":"#ffffff","form_field_label":"#000000","product_price_sale":"#c4301c","progress_bar_color":"#0d8756"}}}},"Pillar":{"logo_width":145,"logo_width_mobile":125,"color_badge_hot":"#000000","color_badge_new":"#359679","color_cart_bubble":"#c4301c","overlay_color_scheme":"scheme-1","type_body_font":"bricolage_grotesque_n5","body_font_weight_bolder":"600","body_font_size":15,"type_header_font":"bricolage_grotesque_n7","heading_scale":100,"heading_mobile_scale":70,"display_heading_size":52,"subheading_scale":106,"subheading_font":"heading","subheading_font_weight":"700","subheading_letter_spacing":0,"subheading_transform":"uppercase","pcard_title_scale":100,"pcard_title_font":"body","pcard_title_font_weight":"700","pcard_title_uppercase":false,"pcard_price_font_weight":"500","pcard_badge_font":"body","pcard_badge_font_weight":"700","navigation_font":"body","navigation_font_weight":"700","navigation_uppercase":false,"buttons_font":"body","buttons_font_weight":"700","buttons_letter_spacing":0,"buttons_transform":"capitalize","page_width":1700,"buttons_corner_radius":"round","inputs_corner_radius":"round","blocks_corner_radius":"slightly","pcard_corner_radius":"slightly","badges_corner_radius":"round","pcard_style":"standard","pcard_color_scheme":"scheme-1","pcard_image_ratio":"adapt","pcard_show_vendor":false,"pcard_show_type":true,"pcard_show_quickview_button":false,"pcard_show_flash_sale":true,"pcard_show_sale_badge":true,"pcard_sale_badge_type":"show_text","pcard_enable_color_swatches":true,"pcard_maximum_swatches_to_show":4,"color_swatch_trigger":"Color","quick_view_type":"modal","cart_type":"drawer","cart_icon":"shopping-bag","cart_style":"solid","cart_icon_color":"#000000","cart_icon_background":"#FFFFFF","free_shipping_minimum_amount":"120","cart_empty_message":"<p>Not sure where to start? Try these collections:<\/p>","collection_card_color_scheme":"scheme-1","collection_image_ratio":"adapt","social_facebook_link":"","social_instagram_link":"","social_youtube_link":"","social_tiktok_link":"","social_twitter_link":"","social_snapchat_link":"","social_pinterest_link":"","social_tumblr_link":"","social_vimeo_link":"","predictive_search_enabled":true,"predictive_search_type_enabled":true,"number_results_to_show":10,"predictive_search_show_vendor":false,"predictive_search_show_price":false,"currency_code_enabled":false,"section_header_alignment":"left","collection_card_style":"style-1","buttons_uppercase":false,"blog_card_style":"standard","blog_card_text_alignment":"left","blog_card_color_scheme":"scheme-2","show_cart_note":false,"cart_drawer_collection":"","sections":{"main-password-header":{"type":"main-password-header","settings":{}},"main-password-footer":{"type":"main-password-footer","settings":{"color_scheme":"scheme-1"}}},"content_for_index":[],"color_schemes":{"scheme-1":{"settings":{"primary_accent":"#c4301c","border":"#e5e5e5","text":"#000000","subtext":"#4d4d4d","background":"#ffffff","secondary_background":"#f5f5f5","button":"#000000","button_label":"#ffffff","secondary_button":"#ededed","secondary_button_border":"#ededed","secondary_button_label":"#000000","form_field":"#ffffff","form_field_label":"#000000","product_price_sale":"#c4301c","progress_bar_color":"#0d8756"}},"scheme-inverse":{"settings":{"primary_accent":"#c4301c","border":"#c4c4c4","text":"#ffffff","subtext":"#ffffff","background":"#000000","secondary_background":"#000000","button":"#ffffff","button_label":"#000000","secondary_button":"#ffffff","secondary_button_border":"#e6e6e6","secondary_button_label":"#000000","form_field":"#ffffff","form_field_label":"#000000","product_price_sale":"#c4301c","progress_bar_color":"#0d8756"}},"scheme-info":{"settings":{"primary_accent":"#c4301c","border":"#f7f7f7","text":"#ffffff","subtext":"#cfbebd","background":"#5e2723","secondary_background":"#f7f7f7","button":"#ffffff","button_label":"#000000","secondary_button":"#ffffff","secondary_button_border":"#ffffff","secondary_button_label":"#000000","form_field":"#ffffff","form_field_label":"#000000","product_price_sale":"#c4301c","progress_bar_color":"#0d8756"}},"scheme-2":{"settings":{"primary_accent":"#ffe093","border":"#294948","text":"#ffffff","subtext":"#e9e9e9","background":"#113534","secondary_background":"#ffffff","button":"#ffe093","button_label":"#000000","secondary_button":"#ffffff","secondary_button_border":"#ffffff","secondary_button_label":"#000000","form_field":"#ffffff","form_field_label":"#000000","product_price_sale":"#c4301c","progress_bar_color":"#0d8756"}},"scheme-3":{"settings":{"primary_accent":"#c4301c","border":"#f7f7f7","text":"#000000","subtext":"#666666","background":"#ffe093","secondary_background":"#f7f7f7","button":"#000000","button_label":"#ffffff","secondary_button":"#ffe093","secondary_button_border":"#ffe093","secondary_button_label":"#000000","form_field":"#ffffff","form_field_label":"#000000","product_price_sale":"#c4301c","progress_bar_color":"#0d8756"}},"scheme-4":{"settings":{"primary_accent":"#c4301c","border":"#cccccc","text":"#000000","subtext":"#666666","background":"#e8ded4","secondary_background":"#f7f7f7","button":"#000000","button_label":"#ffffff","secondary_button":"#e9e9e9","secondary_button_border":"#e9e9e9","secondary_button_label":"#000000","form_field":"#f5f5f5","form_field_label":"#000000","product_price_sale":"#c4301c","progress_bar_color":"#0d8756"}},"scheme-6":{"settings":{"primary_accent":"#c4301c","border":"#c6bfb1","text":"#000000","subtext":"#5d5655","background":"#d0dbd3","secondary_background":"#f3eeea","button":"#000000","button_label":"#ffffff","secondary_button":"#ffffff","secondary_button_border":"#e6e6e6","secondary_button_label":"#000000","form_field":"#ffffff","form_field_label":"#000000","product_price_sale":"#c4301c","progress_bar_color":"#0d8756"}},"scheme-7":{"settings":{"primary_accent":"#c4301c","border":"#e6e6e6","text":"#000000","subtext":"#5d5655","background":"#e8d6d4","secondary_background":"#e9e9e9","button":"#000000","button_label":"#ffffff","secondary_button":"#e9e9e9","secondary_button_border":"#e9e9e9","secondary_button_label":"#000000","form_field":"#f5f5f5","form_field_label":"#000000","product_price_sale":"#c4301c","progress_bar_color":"#0d8756"}},"scheme-8":{"settings":{"primary_accent":"#c4301c","border":"#e6e6e6","text":"#ffffff","subtext":"#ffffff","background":"#bd4a25","secondary_background":"#f7f7f7","button":"#ffffff","button_label":"#000000","secondary_button":"#bd4a25","secondary_button_border":"#ffffff","secondary_button_label":"#ffffff","form_field":"#f5f5f5","form_field_label":"#000000","product_price_sale":"#c4301c","progress_bar_color":"#0d8756"}},"scheme-9":{"settings":{"primary_accent":"#c4301c","border":"#c4c0b3","text":"#000000","subtext":"#666666","background":"#dad5c7","secondary_background":"#ededed","button":"#ffffff","button_label":"#000000","secondary_button":"#ffffff","secondary_button_border":"#ededed","secondary_button_label":"#000000","form_field":"#ffffff","form_field_label":"#000000","product_price_sale":"#c4301c","progress_bar_color":"#0d8756"}},"scheme-10":{"settings":{"primary_accent":"#c4301c","border":"#e5e5e5","text":"#000000","subtext":"#666666","background":"#e9e9e9","secondary_background":"#ededed","button":"#000000","button_label":"#ffffff","secondary_button":"#ededed","secondary_button_border":"#ededed","secondary_button_label":"#000000","form_field":"#ededed","form_field_label":"#000000","product_price_sale":"#c4301c","progress_bar_color":"#0d8756"}},"scheme-11":{"settings":{"primary_accent":"#c4301c","border":"#e5e5e5","text":"#000000","subtext":"#4a4a4a","background":"#f5f5f5","secondary_background":"#ffffff","button":"#000000","button_label":"#ffffff","secondary_button":"#ededed","secondary_button_border":"#ededed","secondary_button_label":"#072835","form_field":"#ffffff","form_field_label":"#072835","product_price_sale":"#c4301c","progress_bar_color":"#0d8756"}},"scheme-12":{"settings":{"primary_accent":"#c4301c","border":"#cccccc","text":"#000000","subtext":"#4d4d4d","background":"#ffffff","secondary_background":"#ededed","button":"#000000","button_label":"#ffffff","secondary_button":"#ededed","secondary_button_border":"#ededed","secondary_button_label":"#000000","form_field":"#ededed","form_field_label":"#000000","product_price_sale":"#c4301c","progress_bar_color":"#0d8756"}},"scheme-13":{"settings":{"primary_accent":"#c4301c","border":"#e6e9eb","text":"#000000","subtext":"#5d5655","background":"#eedab8","secondary_background":"#ededed","button":"#000000","button_label":"#ffffff","secondary_button":"#ededed","secondary_button_border":"#ededed","secondary_button_label":"#000000","form_field":"#ededed","form_field_label":"#072835","product_price_sale":"#c4301c","progress_bar_color":"#0d8756"}},"scheme-14":{"settings":{"primary_accent":"#c4301c","border":"#e5e5e5","text":"#000000","subtext":"#4d4d4d","background":"#ffffff","secondary_background":"#f5f5f5","button":"#ffe093","button_label":"#000000","secondary_button":"#ededed","secondary_button_border":"#ededed","secondary_button_label":"#000000","form_field":"#ffffff","form_field_label":"#000000","product_price_sale":"#c4301c","progress_bar_color":"#0d8756"}}}}},"platform_customizations":{"custom_css":[]}}