{"name":"t:sections.footer.name","type":"footer","sections":{"multicolumn_icon_rTKNUF":{"type":"multicolumn-icon","blocks":{"column_PnJ3NJ":{"type":"column","settings":{"icon":"package","max_width":28,"max_width_mb":28,"title":"Livraison Offerte","highlight_style":"none","highlight_font_style":"italic","highlight_style_color":"","highlight_text_color":"","heading_size":"text-base","heading_font":"body-bolder","text":"<p>Dès 50€ d'achat.<\/p>","text_size":"text-base","button_label":"","button_link":"","button_style":"btn--underline","button_icon":"none"}},"column_xNjRtG":{"type":"column","settings":{"icon":"leaf","max_width":28,"max_width_mb":28,"title":"Certification Bio","highlight_style":"none","highlight_font_style":"italic","highlight_style_color":"","highlight_text_color":"","heading_size":"text-base","heading_font":"body-bolder","text":"<p>Tous nos produits sont certifiés Bio*.<\/p>","text_size":"text-base","button_label":"","button_link":"","button_style":"btn--underline","button_icon":"none"}},"column_ngN6XL":{"type":"column","settings":{"icon":"map-pin","max_width":32,"max_width_mb":32,"title":"Production Locale","highlight_style":"none","highlight_font_style":"italic","highlight_style_color":"","highlight_text_color":"","heading_size":"text-base","heading_font":"body-bolder","text":"<p>Purethé est basé à 100% en France.<\/p>","text_size":"text-base","button_label":"","button_link":"","button_style":"btn--underline","button_icon":"none"}},"column_69fN8n":{"type":"column","settings":{"icon":"chat","max_width":28,"max_width_mb":28,"title":"Besoin d'Aide","highlight_style":"none","highlight_font_style":"italic","highlight_style_color":"","highlight_text_color":"","heading_size":"text-base","heading_font":"body-bolder","text":"<p>Nous sommes là pour vous accompagner.<\/p>","text_size":"text-base","button_label":"","button_link":"","button_style":"btn--underline","button_icon":"none"}}},"block_order":["column_PnJ3NJ","column_xNjRtG","column_ngN6XL","column_69fN8n"],"custom_css":[".rich-text__text {--text-margin-top: 0.4rem;}"],"settings":{"container":"fixed","color_scheme":"scheme-info","header_layout":"vertical","section_header_alignment":"left","section_header_alignment_mobile":"inherit","subheading":"","heading":"","highlight_style":"none","highlight_font_style":"italic","highlight_style_color":"","highlight_text_color":"","heading_size":"h1","description":"","text_size":"text-base","button_label":"","button_link":"","button_style":"btn--underline","button_icon":"none","enable_sticky":false,"card_color_scheme":"scheme-info","content_alignment":"left","image_position":"left","icon_color":"#64b7a6","columns_desktop":4,"column_gap":"large","row_gap":"inherit","show_divider_col":false,"columns_mobile":"1","swipe_on_mobile":false,"show_section_divider":false,"divider_width":"fixed","padding_top":32,"padding_bottom":32}},"footer":{"type":"footer","blocks":{"newsletter_3qCrWc":{"type":"newsletter","settings":{"block_width":55,"heading":"Abonnez-vous à la newsletter pour recevoir des offres exclusives.","heading_size":"h3","newsletter_description":"","newsletter_term":"<p>Vos données personnelles sont traitées dans le respect de votre confidentialité et conformément à notre politique de confidentialité.<\/p>","newsletter_text_alignment":"left","form_width":465,"button_style":"btn--primary","button_icon":"none","order_first":true}},"menu_4eCrBB":{"type":"menu","settings":{"block_width":15,"heading":"Notre gamme de produits","heading_size":"h6","menu":"main-menu-copie","open_default":false,"show_divider":false}},"menu_wNN7K8":{"type":"menu","settings":{"block_width":25,"heading":"À prpopos de nous","heading_size":"h6","menu":"footer","open_default":false,"show_divider":false}}},"block_order":["newsletter_3qCrWc","menu_4eCrBB","menu_wNN7K8"],"custom_css":[],"settings":{"container":"fixed","color_scheme":"scheme-info","enable_follow_on_shop":true,"show_social":true,"social_button_style":"btn--secondary","enable_country_selector":false,"enable_language_selector":false,"payment_enable":true,"footer_bottom_menu":"","show_section_divider":false,"divider_width":"fixed","padding_top":40,"padding_bottom":40}},"mobile_sticky_bar_aYhgJK":{"type":"mobile-sticky-bar","blocks":{"home_AP8mmy":{"type":"home","settings":{"text":"Home"}},"cart_gnnwxQ":{"type":"cart","settings":{"text":"Cart"}},"products_eYYkE8":{"type":"products","settings":{"text":"Products","collection":""}},"link_mJ6QMc":{"type":"link","settings":{"text":"About","url":"","icon":"map-pin"}}},"block_order":["home_AP8mmy","cart_gnnwxQ","products_eYYkE8","link_mJ6QMc"],"disabled":true,"settings":{"enable_sticky_bar":true,"show_text":true}}},"order":["multicolumn_icon_rTKNUF","footer","mobile_sticky_bar_aYhgJK"]}