{"name":"t:sections.header.name","type":"header","sections":{"topbar_3YD96h":{"type":"topbar","blocks":{"text_Ahn3nP":{"type":"text","settings":{"text":"OFFRE D'ÉTÉ - JUSQU'À -38% DE PROMO","position":"center"}},"social_links_BcFqP9":{"type":"social_links","settings":{"show_facebook":true,"show_instagram":true,"show_twitter":true,"show_tiktok":true,"show_pinterest":false,"show_snapchat":false,"show_tumblr":false,"show_youtube":false,"show_vimeo":false,"position":"right"}}},"block_order":["text_Ahn3nP","social_links_BcFqP9"],"custom_css":["p {font-weight: bold;}"],"settings":{"container":"fixed","color_scheme":"scheme-2","show_separator_line":false,"padding_top":8,"padding_bottom":8}},"header":{"type":"header","blocks":{"hightlight_link_HLEP9J":{"type":"hightlight_link","settings":{"hl_link_title":"Best Deals","hl_link_style":"star_twinkle","hl_link_color":""}}},"block_order":["hightlight_link_HLEP9J"],"custom_css":["@media (min-width: 1280px) {.card-media__content-wrapper {max-width: 15rem; }}"],"settings":{"container":"fixed","color_scheme":"scheme-1","menu":"main-menu-copie","menu_mobile":"main-menu-copie","header_layout":"logo-left","menu_trigger":"hover","sticky_header":"on-scroll-up","enable_collapse_on_scroll":true,"show_sperator_line":false,"show_social_media_icons":true,"enable_language_selector":false,"enable_country_selector":false,"header_top_padding_top":12,"header_top_padding_bottom":12,"navigation_color_scheme":"scheme-1","navigation_content_alignment":"center","navigation_padding_top":8,"navigation_padding_bottom":0}}},"order":["topbar_3YD96h","header"]}